USER,DATE,STAR,LIKE,TITLE,REVIEW
Vincent213,2022-10-27 21:55:04-07:00,2,0,로그인이 안되요 ㅜㅜㅜ,안드로이드로는 잘 썼는데 아이폰에서 안되네요 ㅜㅜ
아오여냐캬캥ㅇ,2022-10-17 03:23:05-07:00,5,0,정말의지박약인 저를 이끄는 앱,다이어트에 심리가 적용되는게 어떤건지 알게되고있어요 의지박약인데 정말 꾸준히 식단기록하고 체중기록하는등 다이어트를 하려는 저를 볼수있고 또 건강지식도 굉장히많이얻어가요
✨Emilia,2022-10-06 22:04:44-07:00,5,0,사용하기 쉬워요,"무료로도 사용할만한 기능들이 있어서 나쁘지 않아요
지금은 유료 결제로 돌려서 코칭 받으려고요 합니다.
그런데 체중 그래프 화면에서 목표체중이랑 공유하기 버튼이 겹쳐서 목표체중에 안보여요. 
이거 개선해주세요!"
S_jei,2022-10-02 23:08:59-07:00,4,0,피드백이 빨라요.,"임신성 당뇨로 대학병원에서 안내받아 사용한지 2주 정도 되었어요. 편리한 부분도 있고 불편한 부분도 있으나 매칭된 안소정 코치님과 고객센터도 피드백이 빨라서 우선은 계속 기록하며 사용하고 있어요. 혈당수치 시간(시,분) 직접 설정 및 식후 1시간도 생기면 좋겠어요."
MinQu,2022-09-21 04:04:01-07:00,1,0,하다하다 업데이트로 날려먹는건 ...,"업데이트하니까 오류나면서 동작도 안하네요
하.. 그냥 이쯤에서 바이바이"
충격이다진짜,2022-09-06 19:26:02-07:00,5,0,의지력 개선 및 지속성 관련하여 강추!,지금까지 3주 가량 눔과 함께 하였습니다. 일단 저는 운동도 있지만 식습관 개선(폭식 혹은 늦은시간 간식)의 목표를 두고 눔을 사용하고자 하였습니다. 눔의 아티클 및 코치님께서 목적성을 뚜렷하게 제시해 주고 눔코치 분이 격려 및 방향성을 계속 상기 시켜주기 때문에 좋았던 것 같습니다. 체중 그래프를 보면 톱니 처럼 들쭉날쭉 하지만 전체적으로 서서히 하향하고 있는걸 보면서 눔과 함께 한 시간이 도움이 많이 되고 있구나 라는걸 느낍니다. 처음엔 귀찮았는데 이제는 끼니마다 식단 적고 칼로리 확인하는게 재밌게 느껴지네요. 체중조절을 위한 칼로리를 알 수 있게 해줘서 내가 얼마나 더 먹어도 되는지 혹은 얼마나 초과해서 먹었는지 알 수 있게 되는것도 정말 좋은 것 같습니다.
w b l s,2022-09-05 06:57:08-07:00,4,0,나쁘지않아요,앱이 개발이 덜 된건지 오류가 좀 자주나긴 하는데 감수할만해서 크게 문제는 없어요 코치님이 1:1로 관리해주시니까 좋은데 피드백이 빠른 편은 아니에요 하루에 대화 한번 할때도 있었어요..^^ 다이어트가 처음이라 막막하신 분들한테 유용할것같아요
Ledi Lee,2022-08-23 04:20:33-07:00,5,0,정성적이고 정량적인 어플,"사실상 비용이 적진 않아요
다만, 잘 활용한다면 전혀 비용이 아깝지 않아요
습관을 만드는 건 시간이 들어요
식습관을 조금더 나은 방향으로 개선해주는 것만으로도 만족합니다"
이용자ㅇ튠허ㅓ,2022-08-15 18:44:54-07:00,3,0,보통입니다,저는 의지가 약한 편이라서 한 번 사용해보았는데 오히려 체중이 증가했어요 ㅋㅋㅋ 아무래도 이용자가 많다보니 피드백이 빠르지 않았던 것 같고 저도 휴가도 있고 코치님도 휴가가 있고해서 중간에 코치님이 바뀌기도하고... 그룹은 어떻게 사용하는건지 모르겠어서 큰 도움은 못 되었건 것 같아요. 의지가 약하신 분들에게는 비추입니다. 그리고 코치님께 메시지가 와도 와이파이 상태에서는 상단바에만 글이 나오고 채팅창에서는 안 나오는 상황이 반복되기도하고 알림이 안 뜨는 경우도 많았어서 중간중간 확인이 안 되는 경우도 많았고... 아무튼 의지가 강한 분들에게는 큰 도움이 될 수 있을 것 같아요
북악산기슭곰,2022-08-04 03:18:28-07:00,1,0,무료 이용 옵션은 없어진건가요?,"과거에 오랜동안 무료 이용을 했었는데 - 이제 로그인도 안되서, 새로운 ID로 회원가입을 했더니 - 아예 유료 업션만 있는 것으로 보이는데, 맞는 건가요?"
chrcsjobrvkof,2022-07-25 17:47:19-07:00,1,0,결제창이 자주 열려서 사용이 불편합니다.,프리미엄 서비스를 받으라는 결제창이 자주 열려서 이용하지 않을시에는 앱을 삭제했다 다시 받아야하는 번거로움이 있습니다.
마리아마리아널위한,2022-07-18 17:07:58-07:00,5,0,앟 잘쓰고 있습니다,L
ㅜ타냐어누,2022-06-29 20:41:12-07:00,3,0,GUI가 저번보다 별로인 것 같아요,눔 어플을 5년 넘게 쓰고 있는데 개선되기 전 gui가 더 깔끔해서 좋았어요. 지금 버전은 여러 컬러를 사용해서 전체적으로 통일성도 아쉽고.. 굳이 왜? 이런 모양으로 했지 라는 생각이 들어서 아쉬워요.
lee.mcomp,2022-06-28 23:45:21-07:00,1,0,코치 연결 안됨,"안녕하세요
코치 연결이 안됩니다.
확인 부탁드립니다."
정민78,2022-06-07 00:26:19-07:00,5,0,정기결제취소,"좋은 앱 만들어주셔서.감사합니다.
그동안 잘 이용하였고
정기결제 취소 부탁드립니다:)"
유타이스키,2022-06-05 17:24:54-07:00,5,0,체중관리 실질적인 도움이 됩니다.,사용성이 괜찮습니다.
DbsdksoRjdi,2022-05-29 19:44:13-07:00,5,0,앱이 좀 이상한것 같아요,"좋다는 지인 추천을 받아서 처음 가입해서 써보려고 했는데, 이것저것 설문조사 후 프로그램 선택 화면에서 좀 오류가 있던것 같아요.

purchase_dtm_program 이런 문구가 나오고 선생님들 사진은 나오는데 다 이런 코드용어? 처럼 보여요..

저만 이런건가요?ㅠㅠ"
세븐전주연,2022-05-29 05:31:36-07:00,1,0,결제된거 취소해주세요,"아니 갑자기 결제가 왜 된된거죠?? 사용하지도 않는데 
취소해주세요"
스바리당,2022-05-26 09:05:55-07:00,1,0,환불,인스타에서 광고보도 1000원에 뭐 체험 한다고 카드번호 입력했다가 아 그냥 하지말아야지 하고 앱 지웠는데 결제됐다는 연락도 못받았고 당연히 입력한 카드번호는 지워졌거니 생각했는데 뜬금없이 150달러 결제가 됐네요 ? 바로 환불해주세요 ㅋㅋ 뭐 신종사기인가 이건
hwitto,2022-05-14 18:38:19-07:00,5,0,정기결제을 취소하지만 사실 너무 추천함.,"일주일 체험 했고, 저의 게으름과 의지 부족으로 취소해요..
취소 사유 체크하는 곳에, 다 눔의 부족함에 대한 항목밖에 없어서 아무거나 체크하고는, 이렇게 글 남기게 되었어요.
아마 저같은 사용자가 많을 것 같은데ㅎ
사유를 적을 수 있는 “기타”항목이 있다면 더 정확하게 데이터를 모을 수 있지않을까? 싶어요~!

인스타그램 광고로 처음 만났어요.
설문이 정말 나를 위한 질문같아서 홀린듯 끝까지 집중해서 작성하고, 아무 부담감없이 앱을 깔았어요.
앱을 깔면서 이렇게 망설임이 없던 적은 처음이였어요.
앱을 사용하면서도 모든 언어들이 정말 나에게 말을 걸어주는 것 처럼 다정하고 섬세하게 느껴져서 정말 좋았어요.
글을 평소 많이 읽지 않아서, 아티클이라는 말이 부담스러웠지만 읽어보니 너무 쉽게 이해가 잘 가더라구요.
식단도 편의점 삼각김밥도 나와있을 정도로 섬세하게 등록이 가능함 점에서 정말 감탄했구요ㅎ
눔 팀의 많은 고민과 애정이 잘 느껴져서 좋았습니다.
다만 제가 시간적인 여유가 없어, 당분간은 식단 관리에 많이 신경을 못 쓸 것 같아 일단 해지해요.
조금 한가해지고 식단관리할 여유가 있을 때
꼭 눔과 함께 할게요~"
찰떡꽁떡맘,2022-05-04 08:59:07-07:00,4,0,제가 생각했던 서비스가 아니라 결제취소하려하는데,앱깔고보니 제가 생각했던 앱이 아니라 결제취소하고싶은데 취소하려면 어떻게해야하나요??
rinroninrin,2022-04-25 17:13:16-07:00,5,0,한달째 이용중입니다.,"인스타 광고로 처음 접해서 매번 속지만 속는 셈 치고 한번 해볼까, 하고 시작했는데 시작하길 잘했어요.

여태까지 식단조절을 여러모로 해봤는데 의지가 약해서 항상 하루이틀하고 결국 돌아가고의 반복이었습니다. 눔과 함께하고나서부터는 매일매일 기록하면서 식단 계획을 세우게 되었습니다. 개인적으로 지금까지는 뭘 먹어도 이게 몇칼로리나 되는지 알수없어 식단 기록에 거부감을 느끼고있었는데 데이터베이스가 잘 되어있어서 어떤것이 몇칼로리나 되는지를 제안해주기때문에 기록하는데 드는 피로가 정말 반의 반으로 줄었어요.

그리고 컨디션이나 각자의 상황에 따라 코치님이 조언을 해주시기때문에 여러가지 대안책들로 포기하지 않고 식단조절을 가능하게 해주는것같습니다. 앞으로도 꾸준히 이용해보려구요!"
애니팡제작자님아 제절,2022-04-25 07:08:52-07:00,3,0,로그인 오류,어플 들어갈때마다 로그인이 안 되어서 점점 사용을 안하게 됩니다. 안 될때 기다리다가 다음날 들어가면 들어가지는데 사용하고 싶을때 로그인이 안되니 점점 사용빈도가 줄어들고 아예 잊게되고 그러다 다시 로그인해서 쓰다가 또 오류 때문에 사용안하고 반복중... 대체 왜 그러는거죠...?ㅠㅜ?
1ikeme230,2022-04-15 01:22:06-07:00,4,0,체중기록 그래프에 연도표시해주시면 좋겠어요.,"안녕하세요. 눔을 6년 이상 사용한 유저입니다. 
일단 서비스가 좋아서 잘 이용하고 있어요. 
다만 다년간 이용하며 데이터를 기록하다보니 몇년단위 체중변화를 확인할때 몇년도인지 모른채 월일로만 표시가 되어 변화확인이 어렵습니다. 
확대해서 확인해도 연도는 표시되지 않네요."
badabella,2022-04-13 20:47:07-07:00,5,0,동행하는 느낌이라 좋습니다,띠
땡스풀,2022-04-09 07:51:26-07:00,1,0,처음부터 하고싶어서 새로운 이메일로 가입했는데 프로그램선택에서 막혀요,저는 유료 서비스 이용 없이 다른 기능들만 이용하고싶은데... 어떻게 해야하나요
옌콩이,2022-04-02 08:58:54-07:00,3,0,좋은점+개선희망점,"고딩때부터 대학교 졸업할 때까지 거의 6년동안 써오고있는 앱입니당. 칼로리계산해서 음식 조절할 수 있다는 것이 참 유용하고 무엇보다 운동, 체중, 음식을 기록할 수 있어서 재밌고  좋았어요!
다만 아쉬운점은 체중그래프에서 몇년도 몇월 몇일 몸무게인지 정확히 안나온다는 거에요 ㅠㅠ
6년동안 해오던 거라서 엄청 기록들이 많은데 년도수가 안나오니까 내가 언제 몇키로 였는지 정확히 알아볼 수 없어 정말 슬프네요 ㅠㅠ"
눔홍보,2022-03-28 03:06:59-07:00,4,0,눔 사용 한달 후기,식단 조절을 하고자 눔을 이용하게 되었습니다. 일단은 코치님이 항상 기분이나 마음을 물어봐주니 혼자할때보다 초조하지 않고 마음을 잡을 수 있어서 너무 좋고 다함께 그룹으로 묶이니 자극도 받는것 같아요! 4개월 신청했는데 좋은 효과 있었으면 좋겠습니다🙂
쫑아2,2022-03-21 03:16:58-07:00,5,0,좋아요,"눔코치의 운동 팁이 도움이 되요
이전의 식사 와 몸무게가 한 화면에 보이면 좋울 것 같아요"
그해그봄,2022-03-21 03:12:31-07:00,5,0,혼자하기 힘들 때,출산 후 다이어트하려니 어떻게 접근해야 할지 막연했는데 코치님 1대 1 대화가 도움이 많이 됐어요. 의지가 약해질 때마다 동기부여도 해줘서 꾸준한 감량하고 있네요~
Uppaq,2022-03-14 18:19:02-07:00,5,0,식습관 개선,눔 하고 건강한 음식을 좀 맛있고 포만감 있게 먹게되서 좋네요 ^^
꿍이이이이이이이이이잉이이이,2022-03-11 19:29:23-07:00,3,0,두 달에 한 번쯤 먹통,"이유를 알 수가 없네요 지웠다가 다시 깔아야 하고
너무 번거로워요"
!@&?!,2022-03-11 16:51:20-07:00,1,0,실행,"체험 결제 했는데 어플 실행이 안되네요
3번이나 다시 깔아봤는데도"
뀪2,2022-03-07 07:30:24-07:00,5,0,좋아요!,"평소에 건강 관련된 책 읽는 거 좋아하는데 그냥 글만 있지 않고 그림도 있고 또, 막 장황하지 않고 핵심만 간단하게 있으니까 너무 재밌어요. 그리고 코치와 일대일 대화를 하는게 너무 좋아요!! 평균 답변 시간이 거의 30분에 한 번씩 주시니까 이거 정말 좋은것같아요. 사실 저는 친구가 없어요ㅠㅠ 그런데 이렇게 일대일로 대화하는게 사실 낮에는 일 하느라 바빠서 많이는 못 주고받지만 한 두번이라도 주고받는게 너무 좋은것같아요. 이것만으로도 한 달에 5만원? 아깝지 않아요!!"
아구튜워라,2022-02-27 15:58:25-07:00,3,0,추가되면 좋겠는 것,"식단 기록한 것을 달력에 요약해서 보이게 했으면 좋겠어요.
날짜별로 클릭하면 그날 무엇을 먹었는지 보이게요. 현재는 한달 전에 먹은 것을 보려면 화살표 버튼을 30번 눌러서 이동해야 합니다. 덕분에 다른앱으로 갈아타고자 찾아보는 중입니다."
ㅁㅁㅁㄷㅎ,2022-02-21 02:03:08-07:00,5,0,과학적인 방법으로 접근하는게 좋습니다,"체중을 감량하려고 하는데
대부분 식단 조절시 닭가슴살 및 고구마 등을 먹으며 극단적으로 빼는게 많은데

눔 코치를 하게 되면 과학적인 방법으로 식단 조절을 하게 되고  이번으로 끝나는 것이 아니라 앞으로 살면서 생활이 바뀌게 해주는 것 이라 생각합니다

추천합니다!"
잘하다가갑자기,2022-02-19 21:25:43-07:00,1,0,갑자기 앱 접속이 안됩니다,"구독중이었는데
갑자기 앱이 로그아웃된 후 2주 넘게 접속을 못하고 있습니다. 계속 서버와의 통신이 지연된다는 메시지가 뜨네요.

이럴 경우 일부 환불이 가능한가요?"
반갑네숙주,2022-02-09 02:20:38-07:00,1,0,눔 추천해요,"코시국으로 헬스장 가기 꺼려져서 온라인 피티 알아보다가 알게됬는데요 지금은 3번째 결재해서 사용중입니다.코치랑 바로바로 얘기할 수 있어서 좋고
해결방법을 알려줘서 좋아요
저번에 10키로 뺐다가 폭주해서 다시 돌아왔지만 
이번에는 꼭 성공해서 유지어터가 되보려구요!"
우주최고미녀,2022-02-07 20:06:38-07:00,5,1,아기 셋 엄마도 눔 해요!,"저는 세명에 어린 아이들을 키우는 엄마에요 
정말 바쁘고 주변에 도움 받을 조부모님도 안 계세요
엄마 아빠 둘이 열심히 세 아이를 키우고 있어요 
제가 낮에는 주로 아이들을 혼자 보고 저녁에는 남편이 같이 육아를 하지만 낮에 저 혼자 아이들을 먹이고 입히고 씻기고 어린이집 등 하원하고 집 치우고 청소하고 음식도 준비 하는 일이 만만치 않아요 
너무 힘들고 수면도 부족해요 
그래서 먹는 걸로 풀었어요
걔다가 저는 완전 모유수유 중이거든요 
그런데 아무리 수유 중에서도 체중이 많이 나가다 보니까 자신감도 떨어지고 자기 효능감도 없고도 종종 우울해 지고 외출 하기도 싫어시는거에요도 
한의원에 갔더니 수유중이어도 체중을 조금 조절 하는 게 좋겠다고 하셔서 고민하다가 2년 전에 눔을 해서 두 달 만에 6키로를였던 경험을 살려서 이번에 다시 눔을 시작하기 시작했어요 
현재 한 달이 지났고 약 4키로 가까이 빠졌어요 
역시 논문 다르네요  아티클과 또 코치님과 그룹 회원님들과 그룹 코치님이 모두 도와주셔서 몸을 만들어 가는 것 같아요 
먹는 것도 달라지고도 건강해지고 마음도 건강해지는 것 같네요 
강추합니다 특히 힘들게 독박 육아 하시는 엄마 엄마들 우리 같이 몸과 마음이 건강한 엄마가 되어 보아요!"
박봉래,2022-01-28 07:43:33-07:00,4,0,남은 칼로리 몇인지 뜨게 해주세요.,제목 그대로요. 3년째 쓰는 사람으로써 이거 빼곤 다 만족해요. 남은 칼로리 뜨게 해주세요
dia_logue,2022-01-28 02:50:53-07:00,5,0,삶의 질을 높이는데 도움이 됨,식단 관리 1도 안하고 살았는데 그래도 이 앱 덕분에 길이 보였음. 솔직히 기대 안했는데 담당 코치님이 정성스럽게 피드백해주셔서 놀랬음. 식단 기록하면서 아침 챙겨먹고 물 챙겨먹는 습관 생김! CS 문의 대응도 빠르고 상담사님들 친절함. 추천할만한 앱임.
룰루v랄라,2022-01-25 03:33:32-07:00,4,0,저는 눔 어플을 추천합니다~,"식단 디테일하게 적을 수 있어서 좋았어요 ㅎㅎㅎ그리고 매일 동기부여되게 아티클 기사덕분에 더 조절할 수 있었구요~ 
지금은 직업 특성상 ㅜㅜ폰을 자주보지 못해서 곧 이직하는데 다시 이용해보려구요 감사합니다"
쿠쿠쿸쿠,2022-01-21 02:19:48-07:00,4,0,식사기록 시 뒤로가기 버튼좀 만들어쥬세요…,"앱 엄청 잘쓰고 있는데요 ㅠㅠ 불편한점이 있어
리뷰 남깁니다 
만약 점심 식사를 입력 하려고 식사기간대 선택 화면에서 점심을 누른다는게 점심 간식을 눌럿다 하면 
뒤로 가기 버튼이 있으면 이걸 눌러서 
다시 식사 시간대를 고를 수 있음 좋겠는데
반드시 취소 버튼을 누르고 완료 버튼을 한번 더
눌러야 식사기간대 선택 화면으로 넘어옵니다..
앱에서 식사 등록시에 꼭 이렇게 잘못 누르는 경우가 생기는데 ㅠㅠ 제발 제발 다시 뒤로 가서 고르게좀 해주세요.. 다좋은데 이것만 넘 스트레스에요"
linus 107,2022-01-11 06:35:05-07:00,5,0,자기주도적 습관변화의 시작,식단관리의 기본은 '기록'이라는 것을 깨닫게 해줍니다. 심플하면서도 체계적인 분석과 어떻게 변하게 될 것인지 알려주지요. ^^ 아직 본격적인 운동을 하고있진 않지만 곧 하게 될것 같아요.
뀨꾝뀨,2022-01-10 17:45:58-07:00,4,0,많은 도움이 되었어요,내 정확한 프로필을 설정하고 저에게 맞는 피드백을 줘서 좋은것같아요
트캐재,2022-01-10 02:33:28-07:00,4,0,건강한 습관만들기!,"여러 다이어트를 해봤지만 
많은 감량과 요요를 통해 느낀거
다이어트는 평생이라는 것입니다^^!
그저 체중감량을 위한 다이어트를 하실거라면 눔을 추천드리지 않지만, 
건강한 몸과 그에 맞는 습관을 들이고자 한다면 무조건 추천드립니당!!👍🏻"
최최최최최씨네,2022-01-10 01:04:14-07:00,4,0,재결제 취소 해주세요,재결제 취소하려는데 진행이 어렵네요 부탁드려요
이딴개,2022-01-08 16:12:19-07:00,1,0,ㅡㅡ,뭔 체험하기 이벤트보고 가입했다가 후기보니 취소도어렵고 식단배송이런건 줄 알았는데 아니여서 그날바로 취소요청했는데 뭔 오늘 정기결제 취소되었다고 계좌비워놓길 잘했지 ㅡㅡ근데 다른것도 자동결제 빠지는 계좌인데 무슨 3월까지 결제요청계속 된다고 적혀있어서 다시 취소요청하고 메일까지 보냈습니다 뭐가 이렇게 취소하기 힘들게 되어있죠? 자동결제는 완전 카드반호만 적으면 끝나게 되어있으면서?*^^ 적은 돈도 아니고 애플 구독하기에도 없고 사용한적도 없으니 빨리 취소해주세요
조히히호,2022-01-02 07:29:04-07:00,5,0,Water Intake Sync with Health app,I wish the app supports water intake syncing with iphone health app! Tnx
446643228,2021-12-28 06:04:43-07:00,2,0,로그인이 안돼요,오랜만이 다시 깔았는데 페이스북  로그인이 안돼요
안세빈,2021-12-22 18:44:56-07:00,5,0,너무너무 좋아요,이대로만 운영해주세요!
상대군,2021-12-18 18:16:00-07:00,1,0,말이 되나요,6월에 구독 취소 했는데 오늘 돈이 19만원이나 빠져나갔네요. 확인 바로 부탁 드리고 환불 없으면 신고하겠습니다
good2347654677,2021-12-14 03:03:24-07:00,5,0,의지박약자에게 큰 도움이 됩니다.,"다이어트는 늘 작심삼일 이었는데, 눔의 시스템과 코치의 지속적인 피드백으로 건강한 생활습관 루틴이 생겨서 다이어트는 물론 건강까지 얻게 되었네요. 도전해 보세요. 좋은 루틴을 얻는것 만으로도 성공인것 같아요."
Zjzodiendlsj,2021-12-11 00:05:42-07:00,3,0,유료화,혹시 아예 유료화로 바뀌었나요 ?? 예전에는 무료로 이용 가능했던 것 같은데 이제 코치 설정하는 그 결제창말고는 아무것도 진행이 안되네요
화난 인스타,2021-11-28 18:11:27-07:00,5,0,빠른해결 감사,얍
로열젤리스틱,2021-11-26 19:58:35-07:00,1,0,강제로 돈이 빠져나갔어요,구독한다고 하지도 않았는데 어제 저녁 갑자기 돈이 14만원이나 나갔네요. 이게 어떻게 된 일이죠?? 확인 좀 부탁드릴게요. 신고하고 싶은 거 참고 있네요.
my529,2021-11-25 18:15:58-07:00,3,0,갑자기 오류가 많네요,몇년동안 쓰고 있는 앱인데 전날 식이 기록 건너뛰고 오늘꺼 입력하면 어제꺼에 기록됩니다.. 전에는 이런일 없었는데 갑자기 왜죠 갑자기 꺼지기도 하고요 빨리 수정 해주세요 ㅠㅠ
기미기니나너오뉸ㅁㄴㄴㅇ,2021-11-23 03:22:01-07:00,5,0,페이스북 로그인이 안됩니다,오늘까지 잘 쓰고 있엇는데 저녁에 갑자기 페이스북으로 재로그인 떠서 로그인시도를 하는데 로그인이 안되면서 “ 앱 설정 안 됨: 이 앱은 아직 개발 모드 상태이며 회원님에게는 액세스 권한이 없습니다. 등록된 테스트 사용자로 전환하거나 앱 관리자에게 권한을 요청하세요” 라고 뜨네요ㅠㅠㅠ 제 최애앱이고 하루에 다섯번은 들어가는 앱인데 로그인이 안돼서 사용을 못하니까 넘 불편하고 속상해요..
아하하하하ㅏ하험,2021-11-18 18:16:03-07:00,5,0,지속 가능한 건강한 다이어트,코치님의 식단 피드백과 아티클 정보로 지속 가능한 다이어트 식단을 구성할 수 있게 되었어요. 코치님의 공감과 격려로 다이어트를 포기하지 않고 끝까지 할 수 있을것 같아요. 다만 답장 오는 텀이 너무 길어서 하루에 몇 마디 나누기가 힘들어요. 이 부분은 조금 아쉽습니다.
본디인,2021-11-15 04:08:41-07:00,5,0,체계적 식단관리와 건강한 습관을 위한 앱,"한 달 동안 사용하고 리뷰 남깁니다. 심리학적 이론을 기반의 개인의 식단관리와 운동 습관을 코칭 해주는 최고의 앱입니다. 특히 고객이 기존에 가지고 있던 식습관을 과감히 버릴 수 있도록 세심하게 도전해주는 것애 큰 도움을 받았습니다. 운동과 식단관리를 통해 한 달만에 약 4kg 감량했습니다..
물론 앞으로 당분간은 계속 유지하며 좀 더 건강한 몸을 유지하려고 합니다."
sooarang,2021-10-28 02:39:49-07:00,5,0,좋아요,"Cs도 좋고 식사기록 한번 하니까 음식먹을때 신경쓰면서 먹더라고요 그건 좋아요
저는 그룹코칭 좋았습니다 동기부여도 되고 코치님들과 대화하려고 운동 더 했어요ㅎㅎ"
rabbitsushi,2021-10-21 03:30:50-07:00,4,0,좋은 프로그램 맞음,"유료로 사용중~ 꾸준히만 한다면 정말 좋은 프로그램이라고 생각이듬, 개편되면서 UI와 UX가 많이 좋아짐! 그러에도 부족함. 좋은 프로그램인데 시스템과 디테일이 아쉽! 이렇게 CS는 엄청 진절하고 좋으심!! 다만 연결되기가 쉽지 않은듯~"
둥이누나다,2021-10-12 19:14:33-07:00,5,0,눔 다이어트 강추합니다,"코치님과 대화하며 스스로 건강한 생활습관을 구축할 수 있도록 도움을 많이 주세요~ 항상 친절하게 답변해주셔서 마음 편하게 제 상황도 얘기하고 상담도 받고, 많은 도움 받고 있습니다! 꼭 하세요!"
도념이이이이,2021-10-12 04:24:34-07:00,4,0,식단관리의 도움을 통한 감량,"개인적으로 아이폰이어서 그런지 운동은 어플에서 보기에 불편함은 있기도 하고, 개별적 운동을 이어가고 있습니다~ 다만 아티클들울 읽으며 편리하게 매일의 칼로리를 체크하게 되어서..꾸준히 관리하기에는 참 좋은 듯 합니다|~코치님도 챙겨주셔서~더 절제할 수 있는 동기부여가 되네요^^ 현자 한달동안 고점 대비 4-5키로 정도 빠졌는데, 살빼기가 재미있네요^^"
상상둥이,2021-10-08 02:27:41-07:00,1,0,진짜 어이없네요..,아니 무료서비스 한 3일 하다가 들어가지도 않았는데 8일째 자동 결제..? ㅎㅎㅎㅎ 다행히 그 카드에 잔액이없어서 다행이지 진짜 앱내에 구독 취소도 없고 탈퇴도 없고 ㅎㅎㅎㅎ 어이가 없네진짜 --
121212121212121<12,2021-09-22 20:11:25-07:00,4,0,식사 기록 후 종료 버튼 안눌러져요,아이폰을 쓰고 있는데 식사 기록후 완료버튼을 10번이상 눌러야 다음으로 넘어갑니다 다른 버튼은 한번에 반응하는데 식사 완료버튼은 10번이상 눌러야 반응합니다 다른 아이폰을 써도 마찬가지입니다 수정 부탁드립니다
성도크,2021-09-12 10:36:29-07:00,2,0,디자인 이상해요,껍데기만 바꼈지 안에 내부 UI는 바뀐 것도 없고 전혀 새롭지도 않고 뭐죠?? 디자인이 전체적으로 완전 다 따로 노는 것 같아서 쓰기 싫어지네요…
리미e,2021-09-11 05:16:19-07:00,1,0,탈퇴하고 해지했는데 자동결제됬어요!,아니 해지하고 탈퇴했는데 왜 자동결제가 되는지...어서 환불해주세요!
43경,2021-09-10 21:02:15-07:00,5,0,새 프로그램 업데이트,'새 프로그램으로 업데이트 중입니다' 만 20분째인데 뭔가요?
쪼잇,2021-09-10 05:41:13-07:00,1,0,무료버전 아닌가요?,예전에 식단 기록하기위햐 무료로 사용 가능했는데 현재는 프로로 구매후 가능한건가요? 자꾸 프로구매내역 복원실패라 뜨고 창이 넘어가질 않급니다
삼남매맘:),2021-09-08 03:54:58-07:00,5,0,간편한 툴이지만 효과는 좋아요!,"눔을 선택한 이유는 다른 다이어트프로그램에 비해 앱 사용이 간편했기때문이에요. 두번째 눔 하는 중인데 무리하지 않으면서 꾸준하게 할 수 있도록 많은 도움 받고 있어요(포기하고 싶은 때가 한 두번이 아니었는데 말이에요;;). 

 특히, 신호등은 아주아주 유용해요. 장볼때 초록 음식을 의식적으로 더 구매하게 되고, 식사할때 챙겨먹게 되더라고요! 포만감과 건강해지는 기분이에요!

 그런데 그룹은 무쓸모…그냥 막 모아놓은 느낌이라 공감대 형성이 전혀 안되요. 나이대별로 혹은 직장인, 주부 이런식으로 카테고리가 있다면 훨씬 재미있게 다이어트 할 수 있을 것 같아요. 건강 혹은 다이어트라는 공통분모가 있는만큼 시너지가 날 수 있을 것 샅은데 지금의 방식은 아쉬워요… 

 앞으로도 꾸준히 코치님과 프로그램의 도움을 받아서 다이어트 성공하고 싶어요:)"
고이비,2021-09-08 03:25:53-07:00,5,0,좋아요,코치님이 항상 식단살펴주시니까좋아요. 음식하나먹을때도 고민하고 칼로리를 따지면서먹는게 습관화가 되는것같아서좋아요
재민찬민,2021-08-30 00:56:23-07:00,1,0,결제가 되었는데 취소부탁드려요,"식단을 받는 프로그램인줄알고 신청했는데 가입하다보니 아니어서 가입완료안눌렀는데 오늘 90달러 결제가 되었네요 앱스토어 구독에 안보이길래 가입승인 안된줄 알았는데 가입이 되었나봐요
한번도 이용한적없는데 취소부탁드립니다"
코코코코코코팜좋아,2021-08-29 21:39:36-07:00,1,0,아이폰 12 미니 튕김,그동안 잘 써왔던 앱입니다. 왜 아이폰 미니에서 왜 접속이 안되는 이런 현상이 발생하죠??
이애연1,2021-08-26 00:07:00-07:00,1,0,미치겠네요,"가입하고 살짝훌터보고 아닌거같이서.바로 삭제했는데 자동결재14만정도 되었네요
취소할수있는 방법도 안나와있고
고객센타도 연결이안되고 어플에서 하라는데
다시설치하고 하려니 비번아이디없다하구
결재취소해주세요
이건뭐 취소할수있는방법다없구 너무하네요"
유희짱,2021-08-16 12:09:47-07:00,1,0,결제를 마음데로?,"무료체험이라 신청 후 카드정도 등록도 안했는데 스토어에서 통보도 없이 두달에 10만원 이상 계속 결제가 되었는데 한번도 결제 진행에 대한 알림을 받은작이 없습니다. 적은 금액도 아니구 앱 내에 결제 정보를 등록도 안했는데 막 결제하는건 상당히 문제가 크다 생각됩니다. 나름 좋은 취지에서 체험 신청했는데 메시지 몇번 나눠 보고 바로 유료 결제라니..
최소한 앱으로 결제알림이나 의사는 잔달해야하는 갓 아닌가요? 전 무단으로 결제된 내역 환불 받길 원합니다."
ysmila,2021-08-14 17:38:05-07:00,1,0,필요가 없어져서 앱스토어에서,"정기구독해지 했는데 결제문자왔네요? 
이런 부분은 안내를 제대로 해주셔야지요,
잘 사용하다가 필요없어져서
앱스토에서 해지신청한건데, 마지막 처리과정이 실망스럽네요.
오늘 결제문자보고 바로 어플내에서도 
[환불처리 후 구독해지] 신청했습니다.
너무 복잡해서 어떻게 찾아들어가서 신청한건지도 모르겠어요!!!
빠른 처리 해주시기 바랍니다!!!"
러너🏃🏻‍♀️,2021-07-31 19:24:10-07:00,1,0,문의,무료체험 클릭했는데 계속 신청전과 똑같은 초기화면이 뜹니다. 앱 오류인가요?
넌넌너 뎃댓뎃,2021-07-30 09:57:31-07:00,2,0,제발 ./,"잘만 되다가 왜 갑자기 뭐 결제하라고 하고
창이 안넘어가는거에요?? 제발 업데이트 부탁해요"
뚜뚜앙,2021-07-19 23:06:30-07:00,5,0,취소요청,눔 결제한거 취소 요청드려요 코치 배정도 안되네요..
눔체험후기,2021-07-18 23:44:06-07:00,1,0,이런식으로 강제결제를 시키는군요,"결제유도라고 하지만 적당히들 하세요. 제가 일주일 체험권을 신청을하고 체험기간 끝나기전에 취소를 하려고 하니 월 구독료 55,000원이 이미 빠졌더라구요 고객센터에서는 제가 체험이 아닌 바로 월 구독결제를 했다고 하는데 그러면 제 눔 앱에 체험이 끝나는 날짜는 왜써있는 건가요? 이렇게 큰 회사가 이런 방법으로 강제 결제시킨다는게 정말 놀랍습니다 이미 결제가 됐으니 본인들은 방법이 없다, 그러니 앱스토어에 문의하라는 무책임한 답변만 하지 마세요. 눔 체험서비스 이용하시려는 다른 분들도 조심하시기 바랍니다"
srofham,2021-07-17 17:52:38-07:00,1,0,정기결제 구독 취소 방법,정기결제 구독 취소 요청 폼 작성한 상태입니다. 앱 내에 바로 정기결제 구독 취소할 수 있는 메뉴가 없어 매우 불안하네요. 반드시 구독취소 부탁드리겠습니다.
앍국,2021-07-13 21:49:31-07:00,5,0,환불,한달만 결제되는줄 알았는데 구독제라서 이번 달에도 결제가 됐네요. 환불 부탁드립니다.
빈대덕,2021-07-11 17:21:19-07:00,1,0,프램그램 ID,이메일 문의 하라면서 오류만 계속 뜨고 그냥 진행이 안 되는데 뭘 하라는 거?
쀼뷰븅,2021-07-09 23:47:31-07:00,1,0,자동결제 환불요청..!,"7일 체험만 해보려시작했는데 1000원은 결제되지도 않았고 거의 사용도 안했지만 일이 너무 바빠져서 할수가 없어서 며칠만에 취소하고 어플도 지웠는데 오늘 카드내역서를 보니 2일 전에 해외결제로 160달러가 결제되었더군요 환불요청 드립니다... 환불해주세요 아이폰이라 앱스토어 고객센터에 전화해서 물어봤더니 핸드폰 내에서 눔 어플 구입 항목이나 결제된곳이 없었고 카드결제내역서를 보니  NOOM 으로 만 적혀있어서 눔에서 환불 받아야한다더군요
어플을 제대로 사용한적도 없는데 160달러 결제라뇨.. 환불해주세요.."
vㅇㅅㅇvv,2021-07-06 08:10:21-07:00,1,0,1000원 체험 결제도 안했는데 정기결제가 어떻게 된거죠?,"가입하고 어플 깔아 놓고 아직 한번도 어플에서 로그인 한적도 1000원 결제 한적도 없는데 어떻게 정기 결제가 이루어진거죠??
카드 번호나 계좌 등록도 한적이 없는데
어플 사용 한번도 하질 안았습니다
환불해 주세요 어이가 너무 없네요"
ㅂㅁㅇㅂㅁㅇ,2021-07-06 01:09:08-07:00,1,0,환불해주세요 ㅠ,"7일 체험인줄 알고 눌렀더니, 55000원이 바로 결제됐어요 … 환불해주세요"
2345168,2021-07-05 03:09:08-07:00,1,0,1주일 체험 후 자동 결제 되었습니다,동의를 구하지 않고 결제가 되는 어플이네요 환불 부탁드립니다!
환불하주새여,2021-07-01 18:54:59-07:00,1,0,환불,눔코치7일만하고 환불한다했는데 지금 현재 185000원이나갔어요
ㅎㅇsong,2021-07-01 16:38:47-07:00,1,0,결제취소해주세요,어플 다운도안받아지고 아무것도 안되서 안하고있었는데 갑자기 오늘 결제가됬어요 아무통보도없이 뭐하는겁니까ㅡㅡ 당장취소해주세요
dudwns99,2021-06-29 23:44:33-07:00,1,0,취소,"어떻게하나요
결제취소좀 해주세요"
이중결재싫어요,2021-06-25 20:20:34-07:00,1,0,저기요 저 이거 사용 안하는데 왜 자꾸 돈이 빠져나가죠?,어플도 안깔려있고 구독도 안하는데요 돈이 99000원씩 두번이나 빠져나갔어요 당장 취소해주세요
꼬꼬07,2021-06-24 15:26:38-07:00,1,0,왜 결제가 되었는지 모르겠는데 구매의사 없으니 빠른 환불처리 부탁드립니다,왜 결제가 되었는지 모르겠는데 구매의사 없으니 빠른 환불처리 부탁드립니다.
인간한계,2021-06-24 01:07:56-07:00,1,0,자동결제 문제네요,"분명 체험만 해보고 결제하는 것으로 설정을 해놓고
심지어 통화통해 안내까지 받았고 리서치 조사 한다고해서 협조까지 해줬는데 13만5천원 자동결제가 되버리네요? 
소비자 입장에서 매우 번거롭고 심기불편합니다
이런 앱이었으몀 애초에 설치도 안했을 듯"
황하림임,2021-06-23 18:32:31-07:00,5,0,뭐야이거,어플 삭제도 하고 구독에 잇지도 않았는데 결제가 됐네요 환불요청드립니다
달못,2021-06-21 17:44:24-07:00,5,0,기록의힘,"기록하는 것만으로 자신에 대해 객관적인 자료를 얻을 수 있다는 것을 실감했습니다. 생각보다 물 10잔 마시는 미션이 쉽지 않았지만 한 달 사용해보니 도움이 많이 됐습니다. 앱으로만 하는 줄 알았는데 코치도 있고, 그룹도 맺어지는 인간적인 접근이었네요. 제 주변에 여러 명이 시작했습니다."
개호구다,2021-06-20 21:37:01-07:00,5,0,Log-in trouble,"Facebook 과 연동하면 로그인이 자주 안됨.
그동안의 식사 기록은 한 순간에 의미가 없어짐.
다른 어플을 사용하는 것을 권장함.
세계 1등(?) 무슨 근거인지 모르겠음. 
유료화만 신경쓴 앱. 기본적으로 로그인 부터 잘 되었으면 좋겠음. 앱 지우고 다시 깔라는 말 좀 그만 들었으면 함."
ㅡ누누,2021-06-20 21:03:22-07:00,2,0,현재 페이스북 로그인이 불가하다고 뜨는데 수정언제되나요!,페이스북으로 연동가입헤서 다시 로그인하려면 페이스북 계정으로 로그인해야하는데 며칠동안 계속 불가하다고 떠서 로그인을 못하고있네요 ..언제 개선되나요 ..
pethwerD#00,2021-06-20 10:43:18-07:00,1,0,시작할수가 없네요?,새 계정 만들어서 시작하는데 무슨 고혈압이나 식단전문가 유료결제유도만 하고 식단앱 시작이 안되네요 오른쪽위에 x표 눌러도 앞화면으로만 가지 앱시작은 안되고요 이거 무조건 결제해야 앱쓰는건가요
asdfjkl200,2021-06-17 22:34:25-07:00,1,0,결제취소부탁드립니다,취소처리하고 앱을 지웠는데 오늘 결제되었네요
mulhama2,2021-06-17 08:13:36-07:00,5,0,전보빈 코치님 감사합니다🥰,행동심리 솔루션이라는 말에 혹해서 일주일 체험하다가 좋아서 결제도 해버렸네요! 항상 나를 지지해 주는 코치님이 있어서 든든합니다:) 채찍 보다 당근이 필요한 분들은 당장 다운 받으세요🤩
취소좀해주새요,2021-06-15 21:23:43-07:00,3,0,취소좀,"구독취소도안보이고 결제취소도 안보여요
체험하고 안할생각인데 중단도안되고 결제되었어요
사용도안했는데 결제 자동되는거는 환불해주세요"
율군누님,2021-06-14 20:17:59-07:00,5,0,너무 잘쓰고 있어요.,식단 기록 어플 중에 제일 잘 쓰고 있습니다. 여러모로 도움이 많이 되요. 다만 헤비 유저를 위에서 식단기록한거 복사해서 붙여넣는 기능도 있으면 좋겠어요. 같은 식단 자주 먹는 사람한테는 일일히 매번 찾아서 기록하는게 귀찮아서 ㅎㅎ 그리고 식품 용량 기록도 숫자 바로 쓸 수 있는 기능도 있으면 좋겠어요. 물론 지금도 너무 좋은 어플입니다!!
페이나우개발자극혐발암,2021-06-13 06:40:59-07:00,4,0,구독취소했는데,"구독취소했는데 결제해야한다고 알림이 떠요,, 제 계정 취소해주세요..."
하루에 감사,2021-06-12 18:52:24-07:00,1,0,환불,사용안하고 탈회했는데 결재되었습니다
빨리대처좀,2021-06-12 15:49:45-07:00,3,0,로그인좀 되게해주세요,페이스북으로 로그인할라고하면 자꾸오류난다고 고객센터에말하는데 답장은 자꾸 페이스북으로 로그인하라는말밖에없으니.. ㄱㅖ속 로그인은못하고 유료결제했는데 시간은자꾸가네요
개꼬망이,2021-06-11 18:43:49-07:00,1,0,페북 로그인이 안됩니다.,페북에서 눔을 쓸 수 없다고 나옵니다. 더불어 다른 방식으러 가입하면 무조건 유료결제 해야만 한다고 뜨네요;; 갑자기 전면 유료화 한 건가요?
아진짜별명생성귀찮아,2021-06-01 23:30:28-07:00,1,0,로그인중,몇일째 로그인중에서 화면이 안넘어가는데 왜그런거죠?
해지하고파,2021-05-30 19:50:46-07:00,1,0,구독해지하기가 너무 어려움,"체험프로그램 한다고해서 했는데 
이건 갑자기 정기구독 결제가 일주일후 자동으로 되고 
아무리 해지할려고 해보나 
앱상 해지가 안되 
애플 고객센타 문의하였으나 애플구독아님 
놈 앱에는 고객센터 연락쳐도 없고 
가입은 간단하나 해지는 무진장 까다로운 앱임 ㅠㅠ"
이용오엉,2021-05-30 18:37:14-07:00,1,0,결제 취소 요청,"무료체험 기간 끝나기 전에 확인하고 어플을 삭제했습니다. 그런데 오늘 아침 18만원 넘게 결제가 됐네요.
빨리 취소 해주세요. 빨리요!"
꽃비노,2021-05-28 04:59:12-07:00,5,0,구독취소 환불요청 합니다!,"일반 체험이 안되어서 7일 무료체험 신청 후 바로 구독 취소했는데 55,000원이나 결제 되었네요. 빠른 환불 요청드립니다. 무료체험 후 결제 인줄 알았는데 바로 결제 되고 아이폰에서 구독 취소되어도 환불이 안되네요 빠른 환불 조치 요청합니다!!"
공블리언니,2021-05-27 19:07:51-07:00,1,0,이거 보시면 제발 처리 좀 해주세요,일주일 채험 후 구독하기 눌럿는데 구독정보 들어가도 눔 안뜨고 지금 계속 통장에서 돈빼길려고하고 그 통장에 돈을못넣어두겟네요 처리봄해주세요
뭉치망추,2021-05-27 15:50:30-07:00,2,0,페이스북,연동이안된다고 계속 로그인이 안되네요.. 사용할수없는 앱이라고 나옵니다 왜그런가요?
ㅇ노더자므,2021-05-19 07:04:37-07:00,2,0,ㅠ,이상해요 로그인이 안되네요; 체험구입 승인햇는데요
날아라뽀야,2021-05-19 03:49:22-07:00,1,0,구독취소 도와주세요,애플쓰는데 결제중이아니고 체험중이라 폰에서 취소가 안되네요. 정기결제 안되게 미리 취소 부탁드립니다
시네정,2021-05-17 04:00:09-07:00,5,0,앱에 로그인이 안 되는데,왜 그럴까요ㅠㅠ.....
랄라랄니나노,2021-05-17 00:35:26-07:00,5,1,로그인이 안되요ㅜㅜ,"몇년동안 잘 쓰고있는데...
로그인중만 뜨고 접속이 안됩니다ㅜㅜㅜㅜㅜㅜ"
feel062,2021-05-16 11:31:13-07:00,1,0,자동결제전 구독취소 해주세요,어제 자동결제시도가 있었도 다행인지 잔액부족으로 결제가안되었는데 무료사용중이었는데 구독취소하고싶어요 아니면 회원탈퇴라도 하고싶은데 앱에는̆̈ 어느곳에도 회원탈퇴할 수 있는̆̈ 방법이 없네요 전 리뷰에도 무조건결제가 진행되었던것 같은데 아직 결제가 이뤄지지않은상태니 탈퇴할 수 있도록 답변부탁드립니다
mooioooiooon,2021-05-15 10:02:31-07:00,5,1,로그인 오류 확인요청,"잘 쓰고 있었는데 얼마전부터
로그인이 되지않아 사용이 불가합니다ㅠㅠ
페이스북 로그인을 하면 인터넷 연결오류인것처럼 계속 로그인 실패하고 튕깁니다ㅠㅠ"
토리리라,2021-05-12 06:36:20-07:00,3,0,일주일 체험 후 정기결제 취소해주세요,"4일정도 체험햇고 ..저랑은 맞지않아 취소하려니 애플 고객사로 취소하라고 뜨는데 ,,취소 된건지 확인해주시고 애플 고객센터로 취소를 어떻게 하라는 이야기인지.. 자세한 설명도 없고 ..날짜만 가다가 정기결제 되은건아닌지.. 확인부탁드립니다"
chlee5271,2021-05-12 01:48:50-07:00,1,0,환불요청,"7일 체험이 끝나기전에 취소를 요청했는데
아이폰 유저는 취소가 안된다고 합니다.
바로 취소 요청드리며, 추가 결제 안되도록 업무 진행 요청드립니다."
혜정8914,2021-05-11 16:33:31-07:00,3,1,다 좋은데 로그인이 안되네요...,로그인을 하라고 하는데 로그인이 안되서 불편합니다..
설임,2021-05-11 02:35:58-07:00,1,0,왜 자꾸 이러죠,무료 체험? 기간 끝나고 결제 할만큼 마음이 안 가서 어플 지웠는데 자꾸 결제 시도가 되네요 잔액을 다른 곳에 옮겨놔서 다행이지 안 그랬으면 사용도 안 하는데 돈이 빠져나갈 뻔 했어요
happyhyuck,2021-05-08 02:44:14-07:00,1,0,이중결재,"프로모션 페이지에서 롯데카드로 결재되고 앱 설치하고 가입하니끼 아이폰 계정 연결된 신한카드로도 결재 됐네요. 

이렇게 두 번 결재되도록 만들어도 되는 겁니까??
아놔...."
꽃먕이꽃냥이,2021-05-07 19:20:57-07:00,5,1,업데이트 후에 로그인이 안되요,"업데이트 하고 나서 로그인이 안되요 ㅠㅠ

계속 로그인 중만 뜨고 안넘어 가네요"
deeee's iphone5S,2021-05-07 18:02:08-07:00,1,1,로그인 에러,잘 쓰고있었는데 업데이트하고 로그인이 안되요 화면이 안넘어가네요 ㅠ 어떻게해야할까요. 어플 삭제후 재설치도 해봤는데 똑같아요
아쿠마타타,2021-05-06 15:31:04-07:00,1,1,로그인 안되요,와 진짜 로그인 무한 반복 비밀번호 잘못입력하면 틀리다고 뜨면서 접속만 안되는 건 뭐죠 빡치게
최자12344578,2021-05-06 03:47:29-07:00,3,1,로그인 안되네요,간만에 다시 깔고 쓰려는데 로그인 로딩 화면만 계속... 그러고 넘어가질 않네요
다람쥐00,2021-05-06 02:47:30-07:00,2,1,재설치 해도 로그인 안돼요,페이스북 계정은 있다고 나와요
깡꽁낑,2021-05-05 15:37:04-07:00,1,0,환불,체험판만 가볍게 사용해보고 안하려고 했는데 예고도 없이 갑자기 돈이 나가는건 무슨경우죠? 고객센터번호도 안나와 있고 진짜 어이가 없네요 무슨 체험판 1000원 결제 하겠다고 카드 등록 하라해서 했더니 예고 없이 자동으로 10만원 이상이 나갔네요 당장 환불 부탁드립니다
,2021-05-05 09:09:06-07:00,1,0,ㅡㅡ,"아니 무료서비스 이용후에
안좋은후기보게되서 바로 서비스종료해달라니깐
계정파악이어렵다고하더니
떡하니 결제하는건뭐임? 사기꾼이네그냥ㅡㅡ
빨리 서비스종료나 해줘요 기분나쁘니깐
계속신경써야되고 이게뭐에요"
jinijinijiiiiiiiniiiiii,2021-05-05 06:43:46-07:00,2,0,저도 로그인이 안되요 ㅠㅠ,빨리 원래대로 돌려주세요 ㅠㅠ
알이송,2021-05-03 16:27:14-07:00,3,0,로그인이 안돼요,로그인ㅇ 안대요 ㅠㅠㅠㅠㅠㅅㅠ 왜이러져
mymmtlife,2021-05-03 15:42:56-07:00,1,0,환불요청,"앱내에서 환불요청 했는데 결제가 되었네요 환불 처리 부탁드려요 정기결제가
되었는데 신속한 처리 부탁드립니다

코치도 저랑 근무시간이 똑같아서 피드백이 원할하지 않고 진정 궁금한검 저녁 시간대나 아침 시간대인데. 피드백도 하루에 두건 정도 밖에 안되고 무료체험에서 괜찮았음 게속 하려햇는데 관리 받는단 느낌이 들지 않았습니다 앱스토어내에서 환불 하라는것도 불편하고.. 여튼 전 서비스 안쓸건데 빨리 취소 부탓드려요"
대구공항빤빤,2021-05-03 09:41:36-07:00,4,0,ㅠ 구독취소 하고싶은대,구독취소 어떻게하죠
kju8587,2021-05-03 06:50:28-07:00,3,0,환불요청합니다,"방금 결제가 됐는데 다른 분들과 마찬가지로 체험판 1000원 결제하고 해보고 상황이 여의치 않아서 찾아서 본 방법이란 방법은 다 썼고 어플에 구독취소 하라고 나와 있는데 그런게 전혀 없길래(진짜 자세히 다 찾아봤음) 취소가 된 건가보다 하고 어플 이용안하고 있었는데 갑자기 자동으로 방금 결제가 됐습니다.
환불을 하고 싶은데 그런 시스템에 관해서 나와 있는게 없어서 여기다가 남깁니다 다른 분들 보니까 메일 주소랑 전화번호 보내라고 나와 있던데 저도 그렇게 하면 되는건가요?? 진짜 서비스 이용안했습니다."
미리미오앙,2021-05-01 17:43:37-07:00,1,0,결제취소해주세요,앱 지웠는데 결제됬네요 결제취소해주세요
다요로리,2021-05-01 04:51:17-07:00,5,0,애플워치랑 연동시켜주세요 ㅜㅜ,일할때 만보이상 걷는데 폰을 소지하고 일하는게 아니라서 하루 목표 걸음수가 안채워져요 ㅜㅜㅜㅜ 워치랑 연동안죄는거 빼곤 다 너무 좋아요!
헤동동동,2021-04-30 06:38:29-07:00,1,0,이메일로..,"환불신청했습니다 
정기결제 취소하고 어플도 지웠는데, 정기결제가 되었네요 얼렁 취소처리부탁드려요"
jjigee,2021-04-30 01:36:47-07:00,1,0,중복 결제,"1달에 55,000원짜리  프로그램을 이용중입니다. 

처음 프로모션 후 계속 이용하겠다하여 4/26에 앱스토어에 등록된 카드로 56,281원이 결제되었는데

4/30에 다시 다른카드(프로모션시 카드정보를 쓰라고 해서 등록한 카드)로 US90.00이 결제되었다고 문자가 오네요. 

4/30에 결제된 사항이 무엇인지, 어떻게 환불받을 수 있는지 확인바랍니다. 

그리고 앱 내에 이러한 사항을 문의할 수 있는 곳이 필요할거 같네요."
이이나낭언,2021-04-29 06:36:56-07:00,5,0,튕김+느려짐만 개선된다면 최고의 어플!,"식단기록, 업데이트 된 아티클, 코치님과의 대화 전부 좋은데
정보가 쌓인 건 지는 몰라도 눔만 들어가면 튕기는 현상도 발생하고
폰이 너무너무 느려져요ㅠㅠ 
그것 빼곤 너무너무 훌륭한 어플입니다 !!"
wisdom222,2021-04-28 20:43:36-07:00,3,0,환불 좀 해주세요,"아니 애플 스토어로 결제된거 아니고 카드로 바로 결제된것 같은데
그 큐엔에이에서 계속 환불 요청했는데 아직도 안되네요 뭐죠??
넘 답답해서 여기에라도 글 남겨요

프로그램은 좋지만 제 의지가 아직 부족해서 환불좀 부탁드려요;;"
ㅎ..홓ㅎㅎㅎㅎㅎㅎ,2021-04-28 03:16:45-07:00,1,0,무료체험을 신청해야 이용할 수 있는건가요,"무료체험 없이 기본 기능부터 사용하고싶어요. 근데 로그인하면 설문조사창부터 뜨고 설문조사를 하면 무료체험 선택하는 창만 나오네요. 아이디를 애플로 만들어서 그런가 싶어서 메일로도 만들어보고 휴대폰 오류인가 싶어서 어플을 네번이나 다시 깔았어요. 
뭐가 문제인가요? 진짜 무료체험을 신청해야 이용할 수 있는건가요?"
122333zxc@,2021-04-25 19:28:04-07:00,1,0,결제관련,무료체험시간안에 구독취소를하였는데 오늘돈이빠져나갔어요..어거어떻게된거죠??빨리해걀해주세요!!!!
냥먕먕냥,2021-04-25 01:39:47-07:00,2,0,앱 시작을 할 수 없어요,원래 눔코치 잘 썼었어서 다시 깔았는데 처음 생활습관 교정 프로그램 광고창을 닫을 수가 없어서 사용을 못 하고 있어요.. x표시가 보이지 않고 넘어가게 만들 수 있는 방법이 없어서 답답해요
Sweetbe89,2021-04-25 00:59:40-07:00,1,0,하...정기구독 환불해주세요!!!,"지난번에 2주이용? 그거 결재한 현대카드는
취소가 됐는데 정기구독은 그냥 자동으로 넘어갔나보네요 ㅠㅠ 환불해주세요 전 2주 ? 그것도 안했다구요 ㅜㅜ"
모긔몬,2021-04-24 21:14:27-07:00,1,0,결제 동의한 적도 없고 계정도 만든적이 없는데 왜 맘대로 결제해요?,"제목대로입니다

눔 가입한적도 없고 남는 시간에 식단 관련 설문에 참여해서 중간에 설문 그만두고 인터넷창을 껐는데

방금 해외결제되었다고 연락왔어요 ㅡㅡ

폰이랑 연동된 계좌에서 출금되었는데

본인 동의 없이 이렇게 결제시키는 건 사기아닌가요?

유망기업같은데 이딴식으로 운영하시나요

하루 빨리 환불조치하세요"
우하짱짱짱 ㅋㅋ,2021-04-20 05:34:20-07:00,5,0,결재 금액이 이상해요.,"분명히 결재내역 확인해보면 55,000원 결재되었다고 나오는데 이번달 카드명세서에 18만원이 넘게 찍혀있어요!!! 

이거 왜 이런건가요? 확인하시고 차액분 환불해 주세요!!"
nicole7781,2021-04-18 21:34:12-07:00,2,0,잘 사용안하게되서,"앱 지우고 결제도 해지하고 싶은데
제 구독버튼에는 없어서요 어디로 연락해야되나요?"
20210418,2021-04-17 20:23:32-07:00,1,0,이중결제가 됐네요.,기존 프로그램 사용자입니다. 눔 사용하던 중 sns광고를 보고 <다른가격/다른 프로그램>이 있는줄 알고 체험 신청했고 안내상담전화도 받았어요. 지금하는 프로그램에 불필요한 내용도 있어서 불필요한건 줄이고 가격 절충하고 싶어서요. 그런데 광고하는 프로그램들이 동일한 프로그램이고 유입된 루트에 따라 가격만 다른거라고 하더군요. 그래서 전 이미 사용중이니 새로운 프로그램은 진행하지 않겠다고 했고요. 그럼 상식적으로 당연히 결제도 진행하지 않아야하는거 아닌가요? 그런데 1주일 지나서 3개월치 새로운 프로그램이 결제되네요? 가입상담은 주말에도 문자며 전화며 다 연락취하면서 환불절차는 주말이라 연락이 닿지 않고요. 저는 광고보다 비싸게 주고 사용하는 입장이라 동일한 프로그램을 다른 가격으로 받는것부터도 이해가 가지 않고 기분이 나쁜데요.. 환불절차나 결제가 이런식으로 상도덕없이 진행되는 것도 어이가 없습니다. 가격책정이나 이중결제에 대해 다른 사용자들도 알아야할것 같아 여기에도 글 남깁니다. 제대로 환불처리 해주세요.
쓰헐,2021-04-17 17:29:11-07:00,1,0,프로그램 내용은 좋습니다. 하지만,"프로그램 내용은 좋습니다. 심리적으로 접근하여 스스로 계획하고 체크하고 생각하게 만드는 게 좋았습니다. 매칭해주는 코치가 있어서 느슨해질 때 쯤 확인해주고, 저는 5개월동안 꾸준히 효과를 보고 있습니다. 대략 12키로 정도 뺐고 잘 유지 중입니다. 눔은 내용으로는 정말 적극 추천합니다. 

그런데 몇 주 전부터 어플을 실행하고 조금 지나면 폰이 버벅거리는 현상이 나타납니다. 일종의 버그 같은데 며칠 전 버그 수정 업데이트가 떴길래 해결됐나 싶었는데 아직도 그대로네요. 

어플을 실행한 후 좀 지나면, 터치 후 30초 뒤에 반응합니다. 그리고 이 어플을 강제 종료하기 전까지는 다른 어플들 사용은 엄두도 못 낼 정도로 느려집니다. 아니 느려지다 못해 멈춥니다. 폰을 껐다 켠 적도 많습니다. 이러다보니 눔 어플 들어오는 거 자체가 스트레스로 작용합니다. 

이 부분 제발 개선해주십시오. 제 폰 버전은 iOS14.4 입니다. 이 업데이트 후 문제가 생긴 것 같기도 합니다. 다른 사용자들도 이런 문제가 있는 건지 제 폰이 문제인 건지.. 답변 부탁드립니다."
되는게없젼,2021-04-17 00:20:22-07:00,1,0,결제취소,결제취소 하는 사항도없고 고객센터도 없도 카드정보는 등록되어있는데 이거 해결좀..
뚜그라이,2021-04-16 07:54:50-07:00,1,0,1주체험 신청하고 바로 구독 취소 했는데 결제됬네요?,"확인해주시고 결제 취소 당장 해주세요
뭡니까 이게"
제제제제발,2021-04-16 06:29:31-07:00,1,0,환불 및 정기결제 취소부탁드려요,애플 구독 페이지 및 구입내역 항목에 눔 프로그램이 보이지않아서 구독취소와 환불 신청이 안되네요ㅠ 정기결제 되어 있는데.. 환불이랑 정기결제 구독 취소 부탁드려요!!!!!!
양양ㅇ양ㅇ양ㅇ,2021-04-16 01:30:32-07:00,4,0,렉이 많이 걸리네요,"다 좋은데 요즘따라 눔만 열면 핸드폰이 멈추네요. 음식 하나 작성하려 해도 렉때문에 하기 힘들어요...
아이폰 8유저입니다"
홍엉앙,2021-04-13 16:07:23-07:00,1,0,코치님 케어를 받을 수 없음,코치님이랑 근무시간이 겹치니 소통할 수 있는 시간이 없네요 이런 식이면 평범한 기록 어플과 다를 바 없다고 생각합니다 서비스를 받지 못하고 비용을 지불하는게 이상하네요 환불하고싶습니다
wedheeya,2021-04-11 18:21:37-07:00,5,0,식습관 습들이기 최고 파트너,"체지방 42.7프로에서 7프로 감량하고 
다시 돌아갈까봐 걱정했는데 
페이스를 잡아주고 계획적인 식습관을 유지시캬 주어서 감사해요 .
현재 체지방 31프로 , ⛔️11.7프로 감량중입니다 .
아직 59키로 지만 
50.9 kg 체지방 25프로대로 달어갈때까지 고고고"
나니나나다닫,2021-04-11 04:46:05-07:00,1,0,구독취소빠른답변부탁드립니다,구독 취고 하려고 합니다 자동결제 전에 취소 될수있도록 안내 부탁드립니다 앱내 구독으로 되어있는데 아직 체험기간이라 취소가 뜨지 않는건지 이렇게 강제로 자동결제하도록 유도 하는건지 취소 절차 빠른답변부탁드립니다
오리를 하고싶엇눈데,2021-04-11 01:18:05-07:00,1,0,결제 취소 하고싶어여,취소 하고 싶어요
ㄹㅎㅎㅎㅎㅇㅁㅁ,2021-04-10 19:52:34-07:00,1,0,환불해주세요,제가 분명 취소처리를 햇엇는데 왜 결제된건지 모르겠네요 환불해주세요
청류,2021-04-10 02:24:14-07:00,1,0,점점 심해지는 튕김 현상,"유료 플랜 안쓰고 식단 기록용으로만 쓰고 있는데도 매 끼니에 식단 등록할 때마다 한번씩 꼭 튕김 현상이 발생합니다. 밥, 국, 반찬 서너가지 등록하는 과정에도 튕기는 어플을 뭘 어떻게 믿고 유료결제를 할수 있을까요?"
열매🍒,2021-04-09 22:39:20-07:00,2,0,구독취소해주세요,"1주일 무료체험 신청해서 하는데, 코치님이 출퇴근시간이 정해져있고, 주말엔 연락을 안 받으시네요. 제가 바빠서 답장 못하고 식단만 입력을 해놓았는데 분석을 안 하세요..
큰 도움을 못 느낍니다. 아티클읽는것 외에는요..
구독취소 해주세요. 애플 어디서 해야하는지 모르겠네요."
이시시기,2021-04-09 13:55:38-07:00,1,1,개사기꾼  자동결제를  만들어놓냐,"ㅡㅡ 동의도안햇는데깔아노니  13만원결제???사기꾼이냐
뭘햇다고  깔지마세요!!!!!!
환불안되기만해바라
무료체험  해준다해더  깔지마세요"
릴리.,2021-04-07 16:49:20-07:00,1,0,환불문제 ㅜㅠㅜ,인스타광고 통해 무료체험 신청 했는데 할 자신이 없어서 취소하려고 했어요. 앱스토어 구독 항목에 안뜨길래 결제가 안되겠지 하고 있었는데 ㅜㅠ 아침에 갑자기 13만원이 나가네요 이거 환불좀 해주세요 사이트 자꾸 튕기고 앱스토어에선 구독결제 내역도 안뜨고 어떻게 해야 하나요 ㅜㅠㅜㅠㅠ
러애ㅐ저처나,2021-04-07 01:00:42-07:00,1,0,결제는 되엇는데 로그인이안되네요,160불 결제되고 로그인이 안되서 이용도 못하고 탈퇴도 못하고 아무것도 못해요 근데 고객센터는 없어서 아이디도 못찾아요 어떡하라는거에요?
누라랓처라두ㅜ러첯,2021-04-06 07:12:46-07:00,1,0,계속 멈춰요,저만 그런지 모르겠는데 계속 렉먹고 멈추고 멋대로 꺼져요ㅠㅠ
미벼,2021-04-06 06:17:33-07:00,5,0,인터넷 연결,제가 오늘 이 앱을 시작하려고 7일 우선권 결제를 하고 아이디를 입력하는데 인터넷 연결오류 문구가 뜨면서 앱 사용이 안되네요 이거는 어떻게 해결해야되나요
lotushana,2021-04-06 00:50:37-07:00,5,0,애플 환불 당장 연락 부탁드립니다,"체험후 결제해도 7일안에 해지할 수 있다고만
하셨지 애플에서는 환불요청조차 할 수 없는데요?
이거 사기 아닌가요?
빨리 댓글로 연락주시기 바랍니다"
하치v,2021-04-01 23:33:50-07:00,5,0,많은 도움이 되었어요!,건강 관리 잘 하고 있습니다
우어오뉴,2021-04-01 03:20:03-07:00,1,0,환불,환불 해달라고 했는데 결제되네요.... ㄱ
꽁치뿅,2021-03-30 20:12:09-07:00,3,0,갑자기 환불됬어요,전화까지 다했는데 환불되더니 코치기다리라도니... 고객센터에 문의남겼는데도 답변듀 없어여 연락주세여
다사용한별명,2021-03-28 08:34:29-07:00,1,0,환불해주세요!!,"아니 체험판할때 구독취소 보냈는데 
오늘 결제됬어요!! 
환불해줘요"
storm9794,2021-03-27 07:51:25-07:00,1,0,해지가 엄청 어렵네요,"일주일간 체험 하고 해지하려고 하는데 시키는게 엄청많고 번거롭네요.
가입을 이렇게 번거롭게 해놓으시지...
환불 요청합니다.빠른 답변 바랍니다."
mmmmomommomo,2021-03-27 05:52:06-07:00,1,0,환불 요청,"무료 체험 당일 바로 자동 결제 취소하려고 앱스토어에 들어가 구독 취소를 찾아보니 구독중인 목록에 눔이 없었습니다. 저와 비슷한 상황을 겪은 분들에게 ""구독 취소는 아이폰 내에서 직접 하라""고 같은 답변을 남겨 놓으셨던데 구독 목록에 없는데 어떻게 구독 취소를 하나요? 그리고 오늘 자동 결제가 되었네요. 같은 답변 복붙하지 마시고 고객센터에 환불 요청 해놓았으니 당장 환불 해주시기 바랍니다."
Jazmine jj,2021-03-27 04:55:54-07:00,1,0,눔 지금 로그인도 안된다고 말했는데,지금 돈도 빼가셨네요 환불해주세요
박박박박새새새새새새샘,2021-03-26 20:28:44-07:00,3,0,가격이 바로 나갔어요,"제가 어플 무료체험 도중에 
해지 신청 했는데 
돈이 어제 자동으로 결제 됬네요 
이거 어떻게 환불 받나요 ?

눔에 나와있는 대로 들어가서 클릭했지만 
애플 구독란에  눔에서 99,000원이 빠져나간 영수증도 뜨지 않습니다 

눔에 등록한 제 카드에서 돈이 빠져나간건데 
어떻게 환불 받아야되나요...?"
aiir02,2021-03-26 18:25:21-07:00,5,0,살이 진짜 빠지고 있어요....,"진짜 신기해요. 일단 칭찬과 격려로 계속 노력할 수 있게 해 주는 게 가장 좋은 점 같구요. 코치님이 따뜻하고 친절하게 방법을 많이 알려주시고 고민도 잘 들어주세요. 스스로를 채찍질해야 하시는 분들에게는 어떨지 모르지만, 저는 좌절감을 많이 느껴 다이어트 매번 실패하는 사람이라.. 이렇게 계속 잘 하고 있는 점을 상기시켜주고 지속할 수 있게 저에게 맞춤형 조언을 해 주시는 부분이 진짜 제일 좋은 것 같아요! 그냥 몇 달 하고 요요오는 다이어트가 아니라 아예 식습관 자체를 저에게 맞게 건강하게 바꿀 수 있는 어플이라, 아마 이번에 살 많이 빼고 나서도 평생 그 습관 유지할 수 있을 것 같아요^^ 진짜 주변에 많이 홍보하고 있습니다. 강추드려요!"
유나몬,2021-03-24 21:39:27-07:00,1,0,결제하고 싶어도 못해요?,"프로그램 더 알아보기에서 튕겨서 꺼집니다
소프트웨어 업데이트를 해도, 앱을 재설치해도 계속 튕겨서 이용할수가 없어요;"
헤헤헿헤헤헿헿ㅎ,2021-03-24 08:17:14-07:00,1,0,환불부탁드립니다,"7일 무료체험후에 정기결제가 된다고했고 
아이폰 유저라 5일사용하고 정기구독 취소를 하고
어플을 삭제를 했는데, 오늘 결제가 됬네요?
심지어 토요일 일주일 간격으로 두번이나
다른분들도 이런분등 많던데.. 정기구독을 취소하려면 해당 어플에사 해야한다는 설명도 되있는게 아니고
개선을 하셔야할듯하네요 고객센터 문의하기에 문의드려놨는데 빠른 해결부탁드릴께요"
너네다신고,2021-03-24 02:47:58-07:00,5,0,프로그램 종류 보려고 하는데 자꾸 튕겨요,어떻게 해야 하나요...?
지하철리더,2021-03-24 02:07:37-07:00,2,0,프로그램 사용전부터 튕김현상,가입하고 설문 작성 후 프로그램 종류 자세히 보기 창에 버튼을 누르면 앱 팅김현상이 발생합니다. 아이폰에서는 사용할수 없는 어플인가요
호항이다디테체체ㅣㅇ,2021-03-23 15:37:48-07:00,1,0,구독 취소,"구독 취소 하는거 왜이렇게 어렵게 해두었어요???? 
진짜 별로인 어플인듯 ㅡㅡ"
터나댜로놎,2021-03-22 12:12:25-07:00,1,0,정말 뭐같은 프로그램,"사용후 진짜 별로라 바로 환불햇는데 
4개월뒤 재결제 되었네요 그전것도 환불이 안된건지 앱에서는 확인할 방법도 없음 메일 확인 안했다면 4개월마다 결제되었겠죠? 아이튠즈에서 구독내용없고 
사용권 내용도 없고 따로 메시지는 커녕 알수잇는 방법이 결제시 메일밖에 없다는게 어이가 없고 
구독은 쉽게 할 수 잇는 시스템 구독취소는 도무지 스스로 못하겠끔 만들어놨네요 메일 보내놨으니 바로 회신주세요 진짜 새벽에 이게 뭔난리인지"
하해하호히,2021-03-21 07:15:50-07:00,1,0,최악이다,"진심으로 고객 편하게 구독취소 과정 만든거니 아님 진심 머리굴려서 일부러 취소어렵게 만든거니 
내나름 어떻게든 구독 취소 했는데 돈 결제 되기만 해봐라"
우우2,2021-03-17 07:58:35-07:00,1,0,취소요청,"무료 진행해보고 별로여서 결제를 진행하려고 했던게 아닌데 그냥 결제가 되어버렸어요.
환불진행대로 진행했는데 결제금액이 검색이 안되요! 이미 결제문자는 왔는데 어떻게 해야하나요?"
경수배빵빵,2021-03-16 20:16:51-07:00,1,0,돈날림,이거하지말고 유튭보세요 100배는 더 나을듯ㅋㅋ
DDooland,2021-03-16 07:13:46-07:00,1,0,계속튕겨요,"가입하려고 몇번을 시도했는지모르겠어요
좋은마음으로 열었는데 속상하네요"
뵬묭이미다사용중욤뵹,2021-03-16 02:27:44-07:00,1,0,프로그램 종류 보려고 하는데 계속 강제 종료돼요,말 그대롭니다... 돈 내고 쓰려고 하는데도 못 쓰네요...
홈피주인,2021-03-15 22:19:28-07:00,3,0,프로그램은 좋은데 앱이 불편,"프로그램은 좋은데 아이폰앱은 정말 짜증나요. 유료프로그램 안내 찾기 어렵고, 생활습관 교정하기에서 프로그램 안내 누르면 앱꺼짐. 도움말을 둘러보려면 자꾸 홈으로 이탈하고 짜증이 납니다 :("
꽃다정,2021-03-15 17:49:18-07:00,1,0,프로그램 등록하기,"이 부분에서 자꾸 팅김현상이 일어나네요 ㅎㅎ
어플을 지웠다 깔아도 같은 현상이 일어나요"
rockshif,2021-03-15 01:59:15-07:00,1,0,환불해주세요,다른 분 리뷰에도 잘 나와있네요. 환불된다해서 7일 사용해봤더니 역시나 자동결제로 통수치네요. 그럴 것 같아서 구독해제하려고 했더니 구독정보도 없고 결제정보도 없어서 취소할 수 있는 방안도 없고요. 결제 전에 고객센터에 문의했지만 메세지로 돌아오는 대답에 어이가 없습니다. 환불해주세요!!!!!!!!!
Goioio,2021-03-14 23:44:42-07:00,1,0,구독해제신청을 했는데도 결제됨,무료구독기간이 끝나기 전에 해제신청서를 제출했는데도 결제됐어요 아이폰에 구독내용도 없구요 빠른 환불처리 부탁드려요
츄츄쨩,2021-03-14 18:10:53-07:00,5,0,환불,"환불 하고싶어서 이렇게도해보고 저렇게도 해봤는데 도대체 어떡해 해야 할수있는거져
애플 페이지에 들어가서 내역봤는데 해외 결제 승인은 났다는데 내역이 안나와서 하지도 못하고"
beer5365,2021-03-11 18:22:44-07:00,4,0,체중 그래프,"안녕하세요! 4년간 어플 잘 사용하고 있는 사람입니다
근데 4년쯤 체중을 누적 입력하다보니, 이전 기록에 년도가 없는게 은근히 헷갈리더라고요ㅜㅜ (지금은 월/일 만 뜹니다!) 혹시 년도 표기도 고려해주실 수 있나요? :D
나머지는 다 너무 잘 쓰고있어요 ㅎㅎ"
담담담감이들,2021-03-11 14:21:40-07:00,1,0,환불 와 안돼여,"환불 신청한지가 거의 4일은 되어가는데, 영업일 기준 시간이 소요된다 하더라도, 신청했는지 확인도 안돼고 너무 오래걸리네요 ㅠ 빨리 환불해주세요."
에후크,2021-03-09 18:57:31-07:00,4,0,구독취소방법,애플사용자라 환경설정-구독 들어가보니 noom은 없던데 어떻게 구독취소하나요?
이당당,2021-03-09 05:11:12-07:00,5,0,방금 신청했는데 취소하려구여,천원은 결재됫구여 구독에 들어가도 취소가 안뜨는데 취소좀부탁드립니다
다솔킹,2021-03-08 01:53:58-07:00,5,0,다이어트에 도움되는 앱,"다이어트에 도움이 정말 되긴 해요... 힘들었던 제 삶을 위로할수 있는 시간이었습니다^^ 

그런데 제가 앱을 그만 사용해야 할것 같아서 그만하는거 눌렀는데 또 결제 됬네요~ 환불처리 부탁드려요!!"
인스타먹통,2021-03-04 00:04:41-07:00,5,0,일주일 무료 체험 취소,일주일 무료 체험 취소하고 싶습니다! 취소 해주시길 바랍니다!
야미냥,2021-03-03 04:51:27-07:00,4,0,ㅠㅠ,제발 제가 기록한 식단을 예전처럼 일주일 단위로 빠르게 볼 수있게 바꿔주세요 ㅠㅠ 몇달전에 기록한 식단 보려고 했더니 뒤로가기를 도대체 몇번을 눌렀는지 ㅠㅠ 너무 불편해요 너무너무 ㅠㅠㅠㅠㅠㅠ 예전처럼 바꿔주세요 ㅠㅠ
붕빈,2021-03-03 04:13:57-07:00,5,0,개발자님...,안드로이드에사 아이폰으로 바꿨는데 구굴을 통해 러그인을 하여도 자꾸 고객센터에 문의하라거 하네요... 근데 고객센터 번호도 몰라서 여기에 남겨요~~답변 부탁드립니당
Uhell95,2021-03-02 11:59:59-07:00,1,0,구독취소,방금 깔고 결제도 했는데 그냥 취소해주세요
A player n.,2021-03-02 04:57:31-07:00,2,0,7일 이벤트 이후 자동 구매가 되었는데,7일 이벤트 이후 자동 구매가 되었는데 로그인이 안됩니다.. 결제 취소 부탁드립니다
miso haLong,2021-03-01 06:25:46-07:00,1,0,취소.환불 요청,"체험 신청했으나 사용 전 취소 하려합니다
관련하여 메일 전송완료 했고 확인 후 빠른 처리바랍니다."
썬아니곳,2021-03-01 00:40:25-07:00,1,0,왜 자동결제가 됐죠?,"앱에서 시키는대로 아이폰 계정 구독관리 들어가서 구독해지도 눌렀고 앱내 구독해지요청서도 보냈는데
왜 자동결제가 된거죠??
환불요청서 다시 보내드렸으니 빠른대응 부탁드립니다"
익은토마토,2021-02-23 02:23:58-07:00,1,0,로그인오류,로그인이 안됩니다 페이스북 재로그인만 계속 떠요
소힁랑,2021-02-21 20:30:23-07:00,1,0,전화좀 주세요 어떤 기업이길래 고객센터 전화가 없는건지;;;;,ㅠㅠㅠㅠ
해뜬123,2021-02-20 18:16:08-07:00,1,0,앱이 안열려요...,앱이.. 왜 안열리죠....? 55000주고 정기구독하고있는데 황당하네요...
정말 즐거워요! 최고의 게임~,2021-02-20 17:46:02-07:00,5,0,권장 칼로리 칸 오류,"권장 칼로리가 0으로 돼있어서 칼로리 계산을 못해요
잠시 오류난건가 싶어 몇번 어플을 지우고 다시 깔아봤지만 몇달 째 똑같네요 그리고 걸음걸이도 반영이 안돼요 무슨 문제가 있는건지 알려주세요 혹시 유료 결제를 해야하는건가요?"
뚜두룽,2021-02-18 06:35:23-07:00,5,0,환불부탁드립니다!!,체험해보려고 했는데 체험후 결제가 되어버려서요 ㅠ 환불은 고객센터 전화로 해야된다고 문제가 왔는데 도통 전화를 안받으시네용 ㅠㅠ
미리네리네,2021-02-17 21:15:08-07:00,1,0,해지해 주세요,방금 앱 깔았는데 구독 취소해주세요
미비웅,2021-02-16 23:34:33-07:00,1,0,체험 1주일 신청하고 이틀차에 취소,"채팅이 2,3시간에 한 번씩 오고, 처음이니까 당연한 이야기들을 하는데 너무 진절머리 날 정도로 많이 들었던 이야기들이어서 답답하더라고요. 너무 당연한 이야기(삼시세끼를 나눠먹어야됩니다,, 과식하면 안됩니다,,,)라서 내가 이 소리를 돈내고 계속 들어야하나?라는 생각이 들었어요. 나는 ‘자 이제 다 조져버리자!!🔥🔥🔥🔥’라는 마음가짐으로 시작했는데, 간단한 정보 수집도 하루 꼬박 걸리니까 천원도 아까웠어요. 저는 그냥 팻시크릿 혼자작성하고 챌린져스에서 돈걸고 운동하는게 더 효과적일 것같아요. 할 말이 정말 많지만 여기서 더하면 악플이 될 것같아서 그냥 여기까지만 쓸게요! 저의 개인적인 소감입니다!"
모모메이,2021-02-14 16:23:23-07:00,1,0,구독취소를 하려해도,아이폰 구독리스트에서 앱 구독취소를 하려고 해도 구독리스트에 없고  눔 앱자체에서  계정내 구취를 해도 제 카드정보 처음에 맛보기용으로 결제하려고 등록한 정보도 삭제가 안되고..  계속 그 카드로 결제 요청이 문자로 날아오는데 어이가없네요  이거 맛보기 기간 지나서 사용안할거니까 결제요청 안되게 제 카드 정보랑 삭제좀 해주시죠
상민왕자,2021-02-11 02:35:47-07:00,3,0,환불,환불 부탁드립니다~
세이쨩,2021-02-07 21:44:41-07:00,2,0,구독 취소해주세요,"웹으로 등록해서 앱으로 쓰려고 했더니 재결제하라고 나옵니다. 
인스타 경유로 들어간 체험판 구독 환불해주세요!!!"
Anpangㅉㅈ,2021-02-07 20:38:09-07:00,1,0,진짜 구린 프로그램임,"에러도 많고 성공했는데 실패했다고하고 계좌입력햇는데 중간에 계좌입력 안돼ㅆ다 하고...
아오 쓰면서 엄청 빡침. 

결정적으로 큰 도움 안 됨. 어디나 널린 아티클 + 성의없는 코치"
sishsjsjddiehdjdieke,2021-02-06 06:51:30-07:00,5,0,갑자기 유료서비스로 변경된이유가 무엇이죠,무료로 잘쓰고 잇었는데 유료서비스외엔 아무것도 못하게 해놨네요
곰벨리,2021-02-04 18:50:16-07:00,3,0,환불오류,무료체험 일주일 하고나서 정기결제 취소하려는데 자꾸 오류가 나서 못하고 결국 결제가 됐어요. 어플 오류때문에 어떻게 취소하고 환불신청해야할지 몰라 여기에 남깁니다. 연락 부탁드려요.
셔니45,2021-02-03 13:11:31-07:00,5,0,코치와 함께하는 자기관리,안녕하세요. 눔을 통해 밸런스가 깨지지 않고 자기 관리하는 법을 배웠습니다. 폭식을 하거나 계획대로 하지 않았을 때 파괴적으로 결말을 맺을 수 도 있었겠지맘 코치진과 함께 하며 다시 멘탈을 부여잡을 수 있었달까요. 감사합니다.
정아연,2021-02-02 01:10:44-07:00,5,0,다섯번째 이용자예요,중간에 한번씩 쉬긴 했어도 결국 저 스스로 유지하긴 어려워서 또 돌아오게 되네요! 미션 성공하면 환급도 받으니 동기부여도 되면서 돈도 버는 느낌이예요!!!! 먹은 음식 기록하는 것도 여기 앱이 가장 쉽고 정확한 것 같네요!! 최고👍
key6051,2021-02-02 00:05:50-07:00,5,0,감량했어요,전에 눔으로 관리했다가 흐지부지 포기했었는데 이번엔 마음을 다잡고 매일 식사기록과 체중을 기록했습니다. 운동을 따로 다니지는 않았구요. 그런데 그것만으로도 4킬로 감량했습니다. 전에 피티도 해보고 식단조절도 나름 해봤지만 이렇게 자연스럽게 힘안들이고 감량된건 처음이네요. 4개월간 4킬로 감량이 별것아니지만 저한테는 정말 큰 변화입니다. 할수있다는 자신감도 생겼구요.
샤로베비,2021-01-26 18:22:12-07:00,2,0,환불하고싶은데요,일단 환불경로때 질문이 이해가가지않아 답을 잘못눌여 몇일을 고생했네요..조금만 쉽게 만들어주세요
G/A,2021-01-26 01:06:10-07:00,5,0,다이어트 동반자,눔 사용하면서 옆에서 응원해주고 조언해 주는 동반자로서 많은 도움 받았습니다. 급격한 감량을 해준다기 보다는 건강한 습관을 만들고 의식적으로 노력하게 해준다고 생각합니다. 저는 다 잘 마쳐서 환급도 받을 거에요. 다들 화이팅!
눔은처음이야,2021-01-26 00:06:30-07:00,5,0,6개월 습관 만들기 성공,"타사 유료 서비스 사용하다가 눔을 알게 되어 시작했어요 
머니백프로그램이 동기부여도 되고 식단기록이 간편해서 식단조절하는데 도움이 많이 되었어요, 추천합니다~!"
이넙,2021-01-23 15:39:21-07:00,5,0,건의사항 하나 드리려구요!,"눔을 너무 잘 사용하고 있어요. 

그런데 새로운 음식을 등록하는 과정에서 나트륨 지방 단백질을 입력하려면 화면을 스크롤해서 내려야하는데 일정 화면까지 내려가니까 안 내려가더라구요

저만 그런건지.. 그러면 어떻게 수정을 할 수 있는지 확인 부탁드릴게요!"
lionsk41,2021-01-23 06:32:31-07:00,3,0,환불해주세요,무료도 구독취소했는데  그냥 자동 결제가 됐어요 취소해주세요
쿄키팅,2021-01-21 16:07:12-07:00,1,0,애플 환불,구독조회가 안되는데 환불 어떻게 하나요ㅡㅡ
진우변,2021-01-21 06:35:29-07:00,1,0,환불해주세요,주말이라고 질문엔 답변못받고 체험 중지 된 후로이용하지않는데 월간결제됐습니다.  접속도 안되고 리뷰에 남깁니다 55000원 결제 됐습니다
도미니까,2021-01-20 20:59:06-07:00,5,0,건강관리 운동을 지속하는 의욕을 유지하는데 도움이 됩니다.,6개월 사용했고 계속 할 생각입니다. 꼭 체중 조절을 위해서만이 아니라 건강관리 운동을 지속하는 의지를 유지하는데 도움이 됩니다.
Gsso,2021-01-20 14:57:56-07:00,3,0,뒤로가기 기능이 불편해요.,"페이지 다음누른뒤 다시 앞전 내용을 볼려면
처음부터 다시 봐야하는게 너무 번거로워요."
juddam,2021-01-20 01:35:32-07:00,4,0,많은 도움이 되는듯합니다,"코로나 시국에 운동할장소가 마땅치않은데 눔을 통해서 홈트를할수있었습니다

비록 미라클한 변화는 없었지만 유지는 가능했습니다"
코니사이이,2021-01-19 22:58:53-07:00,4,0,빠져요,"어떤게 건강한 음식인지 모르고 그동안 
굶기만했던 다이어트 
이제는 3끼 먹으며 건강하게 살뺄수 있어요
기록덕분에 습관도 잡히고,
정체기올때 그룹친구분들이 응원도 해주어 지치지않고
다이어트 할수 있었어요!!"
eclair305,2021-01-19 00:24:24-07:00,5,0,3개월동안 5키로 감량했어요,"여러가지 다이어트 시도해보고 다이어트약도 다양하게 먹어봤는데 다 효과없었어요. 눔 광고 보고 다이어트 생각보다는 건강한 식습관 되찾자는 생각으로 시도했는데 5키로나 감량해서 뿌듯하네요.
다들 속는셈 치고 한달이라도 경험해보시면 좋을것 같네요. 제 주변에도 많이 영업해서 친구 중에 두명이나 최근에 시작했어요."
ㅑ저ㅑㅇ,2021-01-16 02:18:02-07:00,1,0,구독취소처리좀 제대로 해주세요,7일 체험기간내 구독 취소요청을 했고 취소완료및 결제는 없을거라는 메일도 받았는데 7일째 되는 오늘 137800원이 결제됐네요.. 대체 어떻게 처리된건가요
에넉,2021-01-13 18:47:21-07:00,5,0,처음 가입할때,돈내서 하라고 알림창뜨고 그거 안내면 못들어가는건가요? 처음에 로그인하고 들어가자마자 바로 막혔는데 어떻게하면 들어갈 수 있어요 무료어플 아닌가요ㅠ 아 들어갔습니다 최고입니다
똥까쮸,2021-01-13 16:39:10-07:00,2,0,불편사항이 있어요,예전에 다이어트할 때 눔이 도움이 많이 되어서 좋은 기억이 있어 다시 재설치를 했는데 갑자기 코치를 붙이라는 안내가 나와있네요 안하고싶은데 코치안내창을 없앨수도 없고... 저는 그냥 식단이랑 운동만 기록할 생각으로 설치를 했는데 갑자기 코치를 결제하면서 붙이라고 하니 당황스럽네요 그런거 안하고 앱자체를 그냥 사용하고싶은데 방법 없나요 ? 빨리 답장주시면 감사하겠습니다
21ss-5,2021-01-13 08:07:36-07:00,5,0,처음쓰는 다이어트 앱,"나이살이 자꾸 늘고 몸은 아프고 스트레스가 심해서 운동을 할까 식이를 할까 고민하다가 4개월 동안 눔앱 사용해봤어요. 왔다갔다 하지만 5-6키로 감량했고요. 제 경우는 식사기록이 80-90%역할을 했고, 평소보다 좀 더 걷고 주 2-3회 집에서 20-30분 운동했어요. 매일 식사기록 체중기록하면서 머니백도 받아서 쁘듯합니다. 뭐든 자기 활용하기 나름인 것도 있지만, 앱으로도 가능하다는 게 신기하네요. 앞으로 지속할 수 있는지 스스로 더 테스트해볼 일이 남았지만요."
식빵퀸,2021-01-12 01:10:45-07:00,5,0,내 인생 마지막 다욧 프로그램,16주 머니백 프로그램으로 다이어트 자극해 보고자 시작했어요. 매번 망가지는 마음때문에 다이어트는 상처가 많았고 요요로 힘들었는데 4개월 사용으로 11 kg감량했어요. 40대라 쉽게 빠지지 않을거라 생각했는데 눔에서 안내하는 대로 따라가고 코치님과 상담하면서 자주 무너지는 마음을 챙겨갈 수 있습니다. 내 인생 마지막 다이어트를 습관화하여 건강할 수 있습니다. (눔=건강+자신감+마음챙김) 모두 가능한 프로그램으로 추천해 봅니다.
신세계딸기,2021-01-12 00:18:04-07:00,3,0,정보 글이 좋습니다,"매일 다이어트 관련 글이 올라오는데 그 글이 좋습니다 다이어트에 대한 오해/편견에 대한 내용, 새로운 지식들이 많고 무엇보다 다이어트를 습관생성 모델에 접목시켜 설명해주기 때문에 장기적인 측면에서 좋습니다 다만 코치의 피드백은 다소 기계적일 때가 많아 아쉬웠습니다 칼로리밀도 개념도 좋은데 음식 관련해서 단탄지 정보도 좀 추가되었으면 너무나도 도움 될 것 같습니다"
니킥님,2021-01-12 00:15:46-07:00,3,0,심리부터 식단조절까지 도움받을 수 있어,"눔을 시작하고 건강한 식단부터 심리까지 골고루 알려주는 프로그램 정말 좋네요
눔을 시작하고 다이어트하기가 좀 쉬워졌어요
정말 과학적으로 내게 꼭 맞게 집어주는 쪽집게 선생님 같아서 좋았어요
먹고 싶은거 먹어가며 다이어트 할수 있는 프로그램이여서 다음에도 또 이용하고 싶네요"
moonsohyun,2021-01-12 00:03:33-07:00,5,0,벌써 두번째 눔 여정,"눔과 함께 한 여정이 200일이 되어갑니다
식단관리부터 마인드 관리까지 
요즘같은 시대에 더욱더 빛이 발하는 눔이네요
환급까지 되니 안 할 이유가 없지요
눔 습관 들이면 정말 좋은거같아요"
noomjh,2021-01-12 00:02:10-07:00,5,0,꾸준한 습관을 만들어주는 앱,다이어트가 금방 끝나는 이유가 늘 빨리 포기하고 다시 시작하는 힘을 얻지 못했기 때문이었는데 눔과 함께하고는 실패해도 다시 시작할 수 있는 힘을 얻었습니다. 건강한 습관을 만들어주는 것 같아요!
syy8891,2021-01-09 18:27:04-07:00,4,0,핸드폰 언어변경 사용하면 음식 칼로리가 안나와요.,"언어변경해서 사용하면 기존 먹는 음식을 등록하면
0칼로 설정되어요.
오류인건지 어쩔수 없는건지 모르겠지만 수정되었으면 좋겠어요~"
어너바ㅜㅁ투,2021-01-08 19:59:55-07:00,1,0,취소해주세요,저는7일체험 천원 결제했는데 왜 맘대로 연장을 한거죠?체험기간말고 앱 접속한적도없고 취소해주세요!!
증산동 아줌마,2021-01-07 00:03:10-07:00,1,0,유료 결제하고 사용중 고객센터에 문의도 불통,1:1코치가 커뮤니케이션도 안되고 아무 조치없이 1주일이 지나서 겨우 이정도 서비스를 4달에 137800원을 준다는게 말이 되지 않아 고객센터에 코치에 대해 불만족을 표시해도 답변이 없고 두번이나 또 불만족을 보내서 고객센터에서 연락오기를 기다렸으나 아무 대응이 없어 불만 표시하고 5일만에 환불요청이 왔더니 메일로 일주일이 지나 환불이 안되니 코치를 교체해주겠다고 하여 이제는 고객센터 뿐만아니라 이런 시스템에 신뢰도가 떨어집니다. 광고에서는 전문가의 코치라고 하면 의사 간호사 영양사의 코치를 받는것처럼 하고 코치가 기계보다 낫겠어요 관리가 전혀되지도 않고 컨텐츠도 없나봐요 강사 개개인의ㅡ역량만 기대하게 하나봐요
귀여운통조림,2021-01-06 20:01:21-07:00,1,0,ios로 폰을 바꿨는데 로그인이 안돼요ㅠㅠㅠ,로그인을 하려고 다양한 방법으로 로그인을 해보려 했지만 인터넷 연결이 안된다고 하네요 ㅠㅠ 로그인하고 싶어요 ㅠㅠ
아이폰유제,2021-01-06 17:15:44-07:00,1,0,정기결재 후 7일내 취소안하면 환불 불가함,"무료체험 7일후 자동결재로 넘어갔는데, 상담사분은 매월결재라고 했지만.. 2개월분 99000원이 결재되었고 너무 사용을안해서 취소요청했습니다. 부분 환불인가했는데 7일내신청안하면 환불이 불가하다네요.. 으잉? 그래서 그냥 돈 냈는데 잘쓰시는 분들도 있는것같지만.. 저는 너무 사용안했고 부분 환불도 안되서 아까웠습니다 ㅠㅠ"
Kurrro,2021-01-05 20:48:36-07:00,1,1,결제취소 하고 싶으시면 02-1644-9312,"결제취소 하고 싶으시면 02-1644-9312
여기로 전화하면 돼요 
가벼운 마음으로 깔았다가 
저하고는 앱이 안맞는거 같아서 
결제 되기전에 지우려고 했는데
까는건 쉬웠는데 취소는 상당히 어렵게 
되어 있네요...ㅜㅜㅜ 제가 잘 모르는건지 
구독취소도 좀 쉽게 할 수 있도록 
앱에 친절히 설명 이나 버튼을 만들어 주셨음 
좋겠습니다"
아오ㅡㅡㅡㅡㅡㅡ,2021-01-05 00:05:24-07:00,5,0,정말 효과가 있어요...!!!,"아니.. 그냥 광고가 계속 뜨길래 생일 선물로 친구들한테 눔 프로그램 4달 짜리 사달라고 했습니다
솔직히 어플로 하는건데 효과가 있겠어? 라는 생각으로 가볍게 시작했는데, 매일 읽는 아티클들이나 코치님들이 말씀해주시는걸 듣다보니 점점 식습관이나 운동습관이 개선이 됐나봐요
기대도 안했는데 5키로나 감량을 했습니다ㅠㅠ 이제는 식단 굳이 적지 않아도 몸에서 초록색 음식들을 자꾸 찾아요!
눔에서 저희는 회원님이 계속 프로그램 결제하는걸 원치않는다고 할때 속으로 에이~ 했는데 진짜 그렇게 바꿔주네요ㅠㅠ 감사합니다!"
Santony Choi,2021-01-05 00:01:31-07:00,5,0,눔 늘 잘 쓰고 있어요,변함없이 도움되고 있어요
Ptoko312,2021-01-03 21:21:15-07:00,1,0,결제,결제 취소 인되나요?
유리아롱,2021-01-03 15:29:42-07:00,1,0,왜 자동결체가 되는거죠?,"전 일주일 해보고 결정하려고 했는데 왜 자동결제가 되는거죠? 저랑은 맞지도 않고 근무환경 상 핸드폰을 계속 볼수가 없는 상황이라 저랑은 안맞는거 같아 그만하려고 했는데 떡하니 138000원 자동결제라니요..
당장 환불 해주세요 이 앱은 저한테는 필요도 없어요!!"
😊빈쨩,2021-01-03 00:22:28-07:00,3,0,환불하고싶습니다,환불하고싶습니다
비오는날우산없이,2021-01-02 20:16:42-07:00,5,0,아니 여기 직원분들은 연휴가 긴가요?,"코치님도 그렇고 직원분들이 다들 연휴가 긴건가요
이틀간 계속 환불요청을 넣었는데 21년 되었다고 휴가를 주셨나요 
코치님 채팅 대답도 없고 환불요청에 관한 이메일을 2번 넣고 고객센터 문의도 한번 더 했는데 아직까지 회신도 없고 계속 기다리면서 메일 확인중입니다
결제한다는 다른 알림도 없이 갑자기 결제 해놓고 
체험하는동안 어땠는지 연장할건지 동의를 받아야 결제를 하는게 순서 아닌가요? 
다이어트 정보는 좋았지만 코치님과 시간대도 맞지 않고 세부적인 채팅을 원했지만 원활하게 이루어지지도 않았습니다 
휴일도 많이 껴서 3일을 기다려야 다음에 답이 오는게 일수 였고요
거기다 식단 올리는것도 없는것들이 많아서 번거로워 안하게 되더라구요
스타일에 맞지않는거같아 갑자기 결제된 카드내역에 환불하려는데 이렇게 초조하고 불안하게 하는지 너무 화가 나서
여기는 보실까 싶어서 올려봅니다 
이 글 보시면 바로 환불처리 부탁드려요"
thoms135,2020-12-29 12:55:24-07:00,2,0,전체 유료화,"제가 다이어트에 성공하게된 이유 중 하나가 눔 앱을 통한 식습관 확인 및 절제라고 생각합니다. 2016년부터 사용하던 유저입니다만, 다이어트 성공 이후 사용하지 않았던 제가 다시 이용해보니 전에 사용 할 수 있었던 무료 시스템은 사라지고 유료화로만 진행 되는것 같습니다만. 혹시 무료 칼로리 캘린더는 사용 할 수 없는건지 물어 보고싶습니다."
쩨이니,2020-12-29 05:49:59-07:00,4,0,눔 추천합니다!,눔은 핸드폰을 자주 보고 읽고 하는 분들께 추천합니다. 핸드폰을 자주 보는 사람이라면 아티클을 자주 읽을 수도 있고 그리고 그룹차팅도 잘 활용할 수 있을거 같아요.
율;),2020-12-29 01:02:51-07:00,5,0,Noom!,진짜 식단기록하는 거 효과 좋다는 거 진작 들어봤지만 직접 쓰는 것도 귀찮고 한 번도 해본 적 없었는데 이미 정보가 등록되어 있는 게 많아서 음식이름 검색해서 간편하게 칼로리며 단위며 기록할 수 있어서 편하고 습관만드는데 이만한 게 없는 것 같아요. 뭔가 강제적인 게 없는데도 습관이 만들어지는 게 엄청 신기하네요.👍
khemankara,2020-12-29 00:28:30-07:00,4,0,식사기록 작성만으로도!,"식사기록을 매일 꾸준히 작성하는것만으로도
눔의 가치는 충분합니다.
더불어 매일 올라오는 아티클과 코치님의 조언까지 합쳐지면 더욱 금상첨화죠!
환급 프로그램으로 루즈해지기 쉬운 마음까지 다잡아준 눔 정말 고마워요!"
어어이팉,2020-12-29 00:09:46-07:00,5,0,추천합니다!,체계적인 시스템과 유익한 정보로 건강관리 및 다이어트에 도움이 되네요~
Minhamina,2020-12-29 00:03:07-07:00,5,0,습관하하면서 3키로 감량했어요!,"원래 목표는 5키로 감량이었지만 그래도 몇년만에 감량을 했습니다! 
늘 식사 기록을 해여하기 때문에 적게 먹을 수 밖에 없었어요! 습관화하게 되는 힘을 길러줍니다."
세종인77,2020-12-29 00:02:14-07:00,5,0,건강 루틴을 만들 수 있는 기회,"눔을 통해 건강에 관련된 루틴을 만들었습니다.
건강해지는 게 눈에 보이니까 가속이 붙네요.
루틴대로 꾸준히 건강해지고 싶으면 추천합니다."
zezegra,2020-12-27 22:49:51-07:00,5,0,관리왕,퍼스널 트레이너의 역할과 같아요❤️
환불들어간 별명이 모두 사용중,2020-12-27 17:34:26-07:00,1,0,신속히 환불처리해주세요,"인스타그램의 광고를 통해 눔 체험판을 시작하게 되었습니다. 체험일 만료일을 앞두고 눔 어플의 도움말을 통해 유료서비스를 해지하고자 하였으나 앱 내에서는 앱 내 구독취소에 대한 안내만 나와있었고, 유료서비스 해지 신청에도 앱에서 사용하는 이메일을 입력하라는 말이 나와 혼란스러웠습니다. 제 앱-메뉴-환경설정에는 계정이 뜨지 않았습니다. 더군다나 휴일에는 문의할수 있는 어떤 창구도 없었구요
이런 상황에서 137,800원이 일요일 저녁 11시 30분에 결제되었습니다. 웹 내 체험판 이용자에게 해지하는 방법에 대한 안내도 없이 자동결제 된 것은 부당합니다. 월요일 아침부터 고객센터 전화는 먹통..언제는 안내메세지가 나오고 언제는 통화음만...코치채팅에서도감감무소식...적은 돈도 아닌데 이메일 보내고 하염없이 기다리라는건가요"
코그니토,2020-12-27 16:02:17-07:00,5,0,좋네요,실제로 도움이 많이 됩니다.
아몰라 막살아,2020-12-24 20:52:14-07:00,1,0,눔코치 가격,"언제부터 유료였나요 오랜만에 다시 로그인 했는데 
무료는 없어졌나요?"
포로로덕,2020-12-23 17:36:09-07:00,5,0,편해요,심플해서 편하게 이용하고 있어요
dolldolldoll,2020-12-23 03:39:04-07:00,5,0,noom,"코로나 덕분에  집에서 삼시세끼를  챙겨먹고  활동량이  줄다보니  자꾸만  늘어가는  몸무게를  못견뎌서 다이어트를  처음시작하면서  눔을  만난건 행운이었다.. 매일  식사시간에  내가  무엇을  먹고사는지  체크할 수 있다는것만으로도  생각의  정리가 되고..
매일 주어지는  아티클을  해결해가면서  지혜롭게  체중을  조절하며  건강해지는  길을  찾게된다.
비싸고  몸에  해로운  방법보다  현명하고 건강한  다이어트를  할 수 있는  방법이  눔이다."
lak00196Q,2020-12-23 01:43:30-07:00,5,0,눔 함께 해요,"과학적 데이터를 바탕으로 운동과 
섭생을 관리 해 주니 혼자 보다는
훨씬 도움을 받을 수 있습니다. 
예 하튼 저도 빨리 빼는 대열에 
합류하고 하고 싶습니다."
jainee129,2020-12-22 21:53:02-07:00,1,0,완전 별로,코치 답장도 엄청 느리고 돈이 아까움
totㅜㅠ,2020-12-22 00:14:50-07:00,5,0,눔프로젝트,"6개월 성공하여 떠나는 사람이니다.
눔을 하면서 좋은습관이 생겼어요 제가 무얼 먹었는지 되돌아보게 되고 좋은 글과 공유글을 보며 마음에 평화도 어느정도 찾게됬네요ㅋㅋㅋ 이래저래 눔과 병행하면서 20키로 감량했어요!"
임홍균,2020-12-22 00:13:05-07:00,5,0,흡족합니다.,"평소에 무신경하게 지내던 부분에 대해 눔에서 꼼꼼하게 챙겨줘서 다이어트를 위한 운동과 식이에 도움이 많이 되었습니다. 심리학을 응용해서 만든 코칭글들과 구체적인 운동 방법들, 코치 두 분의 지도, 그룹원들과의 온라인 교류 등 지금껏 본 적 없는 색다른 다이어트 코칭앱이다 싶어요."
사진편집 좋아요,2020-12-22 00:03:36-07:00,5,0,꾸준히 식단을 고민하게 해주는 앱,"눔을 하면서 먹는걸 신경쓰게 됐어요. 
극단적으로 안먹는게 아니라 배고프지 않으면서 건강한 먹을거리를 생각하고 선택하게 되네요."
엉??!,2020-12-21 15:08:12-07:00,5,0,쓸만한 앱인 거 같네요,코치님들도 도와주시고 꾸역꾸역 하다보면 살이 계속 빠져있네요 살빼고 싶은 분들 한번 도전해보시길!!
하고싶은별명다사용중이래,2020-12-21 05:52:04-07:00,1,0,체험판천원결제했는데 무슨,"일주일뒤에 자동으로 13만원이 빠져나갑니까?
미쳤네 ㅋ"
rla1dt,2020-12-20 16:39:57-07:00,1,0,환불해주세요. 왜 정기결제 마음대로...,"추가 결제 없다고해서 체험 신청했고, 저랑 맞지 않는것 같아서 기간 내에 서비스 취소 신청했는데 접수는 안되고 기간 끝나는날 되자마자 결제부터 되네요?
신속하게 환불과 취소 해주세요
그리고 환경설정에 계정을 확인해봐도 이메일은 안뜨고 접속 코드만 뜨는데 왜 그런가요?"
우에에이알,2020-12-20 07:40:33-07:00,1,0,모르겠네,코치 어케 꺼요..?
흔양양,2020-12-19 01:42:06-07:00,1,0,멋대로 결제되어요 절대 설치하지마세요,"결제 하니 해피콜은 바로 오고, 결제 취소 하려니 아예 통화할 수가 없네요
천원 결제했는데 갑자기 오늘 9만9천원이 빠지네요
고객센터는 연락도 안 됩니다
당장 환불 부탁드립니다"
맹2040,2020-12-15 03:34:32-07:00,5,0,의지를 잘 다진다면,sns 광고 보고 자진해서 가입했습니다. 매일 매일 의지를 다질수 있게 새로운 상식들을 알려주니까 의지만 굳게 가진다면 큰 도움이 됩니다. 매일 체중도 재고 식사도 기록을 하니 내 삶을 객관적으로 들여다 볼 수 있어서 도움됩니다.
찌니꼬미,2020-12-15 00:01:12-07:00,5,0,눔으로 5키로 감량,"눔은 과하지않게 자연스럽게 감량을 도와줍니다!
강력추천"
soya1115,2020-12-13 16:39:02-07:00,1,0,구독취소했어요,환불부탁드려요
응쟈응쟈,2020-12-10 07:08:13-07:00,1,0,결제 취소 좀 해주세요,메일 보냈습니다 빨리 취소 좀 해주세요
이용자나야나,2020-12-08 23:55:46-07:00,2,0,식사기록이 반영되지 않는 오류,가끔 식사 기록을 입력해도 섭취한 총 칼로리와 남은 칼로리가 표시 안되는 오류가 있네요 앱 종료시키고 다시켜도 안되고 답답해요ㅠㅠ
별표오,2020-12-08 03:24:22-07:00,4,0,도움이 됩니다!,"예전에는 잘 몰랐던 사실들을 알게되서 좋고
옆에서 계속 관리해주셔서 좋았어요!!
스스로 식단도 관리하게되고
운동도 적당히하며 롱런하게 해주네요!!"
다이어트만두,2020-12-08 01:15:07-07:00,5,0,식단관리하는데 정말 많은 도움이 됩니다!!,"식단 관리할 때 음식마다 칼로리를 생각해서 먹게 해주고, 아티클들은 영양정보들도 많이 알려줘서 좋았어요. 개개인 라이프스타일에 따라 궁금한 건 코치님께 그때 그때 물어볼 수 있으니까 정말 좋았어요!! 추천합니당!!"
Alsvn,2020-12-08 00:12:50-07:00,5,0,의지박약인 저에게는 참 잘 맞았던 프로그램,"운동은 싫어하면서 먹는게 세상 살아가는 이유였던 저는 원래 먹는거에 비해 크게 살이 찌는 편은 아니었는데, 생활패턴이 바뀌면서 늦은 시간에 하는 식사와 적은 활동량으로 인생 최고의 몸무게를 찍었습니다. 그러다가 광고를 통해 눔을 알게되었고 뭐에 홀린듯이 결제까지 해버렸죠. 저에게는 목표를 달성할 수 있게 큰 응원이 필요했구요. 워낙에 의지박약이라 독하게 하는 다이어트도 하기 싫었고 믿거나말거나 식으로 시작을 했는데... 이게 왠걸, 초반에 삼시세끼를 적고 몸무게를 적는것만으로도 살이 빠지고 있더라구요. 그러다보니 조금이라도 더 움직이고 싶어지고 욕심이 생기면서 신경쓰면서 먹게되고 하다보니 삼개월만에 목표킬로수의 반을 달성했습니다. 게다가 개인코치님이 좋은 조언과 끊임없는 응원을 해주셔서 엄청 힘이 나고 좋아요! 주시는 정보도 저에게 맞춰서 적용할 수 있게 현실적이구요. 지금 살짝 정체기가 왔는데 조금만 쉬고 다시 시작할 마음이 있습니다! 덕분에 요즘 옷사는 재미도 생기고 행복하니다 :)) 머니백 프로그램은 사람마다 다른데 저에게는 동기부여도 되고 정말 좋았습니다!"
fjdjskskakscj go off do,2020-12-08 00:11:08-07:00,5,0,눔리뷰,눔은 건강한습관을 갖는걸 도와주는 앱입니다
sentipark,2020-12-08 00:03:59-07:00,4,0,체계적이에여,"아티클 잘 읽고 
식사 기록만 잘 해도 
나의 패턴이 보입니다."
Montoker,2020-12-08 00:03:12-07:00,5,0,1년 이용 후기,"4개월 머니백 프로그램을 3번 이용해서 총 1년을 채웠네요
그동안 체중의 15%를 감량했고 계속 감량 중
추천합니다"
쓰앵히,2020-12-07 03:53:14-07:00,1,1,환불 신청했는데 왜 결제가 되죠?,환불 부탁드립니다 안내대로 일주일 체험후 종료하려고  신청했는데 오늘 결제가 되었네요.. 처리 부탁드려요
재경경,2020-12-06 19:30:28-07:00,1,0,어플도 고객지원 체계도 미완성,"솔직히 프로그램 자체는 도움이 됩니다
그런데 어플때문에 일이주에 한번씩은 화나는 일이 생기고 
대처나 고객센터 운영방식도 매우 미숙합니다. 
어플 내에서 버그신고, 피드백 하는 기능 자체가 계속 에러가 나서 피드백도 거의 어렵구요. 고객센터에서 이메일 받은 링크도 연동이 안됩니다. 
아이폰 사용자는 특히 더 문제가 많은 것 같네요. 
돈내고 쓰는 어플인데 넘 문제가 많이 생겨서, 처음으로 앱스토어 리뷰 남깁니다."
시험 으악,2020-12-06 19:22:16-07:00,1,0,돈 진짜 아까워요 사지마세요,1:1 코치라고 해서 샀는데 2시간이 되도 연락이 안되는거 실화입니까? ㅋㅋ 바로 환불 신청했고 언제 들어올지 기대되네요 진짜 차라리 유튜브에서 홈트 영상 보시고 다이어트 하시고 몸무게만 꼬박꼬박 메모장에 적어놓으면 도움이 될듯 ^^ ㅋㅋ 사지마세요
조오아요오,2020-12-06 16:22:14-07:00,1,0,환불,"1000원 결재 하고 1주일 쓰게 하더니만, 
1주일 전에 취소 한다고 했더니, 
 무슨 되지도 않는 방법을 알려주네
구독에서 취소 하라고 앵무새 마냥 알려주는데 구독에 취소할것도 안보임. 

이글을 쓰고 있는 중에도 환불이 안됨,

정말 쓰레기 낚시 어플임"
aesun613,2020-12-04 01:16:19-07:00,5,0,눔을선택하고삶이긍정적으로바뀌었어요^^,"눔 다이어트 강력추천 !!!
6개월에 10kg 감량 성공하고 4개월 추가 신청했습니다

매번 다이어트 실패하고 약도 먹어보고 운동도
해봤지만 다시 요요가 반복되며 힘들어 할때
눔 환급프로그램으로 한달에 만원도 안되는 금액에 
전문가분들의 도움을 받고 집에서 편하게 
할 수 있다는 것에 눔과 함께 하게 되었습니다 

의지박약이던 제가 코치님과 1:1상담으로 
제 생활습관 패턴에 따라 운동 식단 습관등을 
개선할 수 있었고  닭가슴살 만 먹고 운동 1시간씩
해야하는 다이어트가 아닌 !! 
라면과 치킨을 먹으면서도 건강하게 스 트레스받지않고
성공 할 수 있는 아주 아주 추천 하는 프로그램입니다

그룹프로그램과 매일 읽는 아티클도
긍정마인드 1:1코칭 상담도 어느 하나 부족함없는
눔 프로그램 감사합니다 ^^"
ㅂㅁㅎㄱㅇㄴ,2020-12-03 21:21:51-07:00,5,0,환불 부탁드려요,7일 무료체험을 하려고 했는데 잘못하고 1개월이 결제되었어요 환불 부탁드립니다
윽 좋더,2020-12-03 21:14:33-07:00,4,0,업데이트 이후 섭취 칼로리 표시가 안 됩니다,수정 바랍니다
네그렇구나,2020-12-03 19:50:00-07:00,1,0,진짜 최악,내가 10년동안 리뷰 안쓰다가 진짜 처음으로 리뷰를 작성해봄. 코치가 몇 없는건지 제대로 된 코칭을 해주지도 않고.  개선해야 할 부분이 상당히 많음. 개선되기 전까지는 돈주고 할만한 서비스가 아님. 아니면 코칭 능력 없는 직원들은 애초에 고용을 하지 말아야 한다고 생각함.
스펀지날,2020-12-01 01:10:02-07:00,4,0,잘 사용했습니다.,"두 달 사용했는데 유용했어요.
내가 얼마나 먹는지 체크도 할 수 있고, 
몸무게의 변화도 알 수 있어서 좋습니다."
무지개빛00,2020-12-01 00:08:45-07:00,4,0,스스로 습관을 개선할 수 있게 도와줍니다.,스스로 습관을 개선할 수 있도록 도움을 주는 앱입니다. 매번 제공되는 운동영상과 관련 아티클들이 도움이 많이 됩니다. 또한 식사기록을 하는 것만으로도 스스로 자각하게 되어 건강한 식사를 할 수 있게 도와줍니다. 개인별로 코치가 배정되어 힘들 때 지지해주고 궁금한 것들은 질문해 나가면서 다이어트 여정을 함께 해나갈 수 있습니다. 스스로 할 수 있게 동기부여를 해주고 도와주는 앱입니다. 그만큼 자발적인 의지가 있는 분일 수록 효과가 좋을 듯 합니다. 의지가 없을 경우에는 크게 의미가 없을 수도 있습니다.
praise925,2020-12-01 00:06:54-07:00,5,0,작은 실천이 가져온 큰 변화,"눔은 친절하고 부드럽게 저의 삶의 작은 부분을 변화시켜주는 길잡이 역할을 충실히 해 주었습니다
강압적이고 부담스러운 다이어트가 아니라 나에게 가장 맞는 것을 찾아가고 내 몸이 가장 원하는 것을 알아가는 과정에서 자연스럽게 건강을 되찾을 수 있는 신기한 프로그램입니다. 적극 추천합니다"
참참참,2020-12-01 00:01:57-07:00,4,0,다이어트 멘탈끈을 잡아줘요~,그냥 체중재고 식사기록하는것 같지만 멘탈을 포기하지 않게 멀리 떠나가지 않게 잡아줍니다!
ㄱㅈㅇ웅웅,2020-11-30 22:02:16-07:00,1,0,구독취소 환불요청,"고객센터 계속 전화해도 안받네요
오늘 결제됐는데 환불해주세요"
Mindajung,2020-11-30 16:25:02-07:00,5,0,잘 사용하고 있는데,"권장 칼로리가 0으로 나옵니다! 식단분석쪽에 들어가서 봐도 0으로 나오네요, 전혀 확인할 수 없습니다!"
히루히루,2020-11-29 23:01:52-07:00,2,0,체중 맞춤 권장 칼로리와 그룹 서비스,체중 맞춤 권장 칼로리가 0으로 뜨고 또 그룹 서비스가 왜 안 뜨나용? ㅠㅠ 무료 체험 중이고 일주일 후 유료 전환 예정입니다
조뚠뚠,2020-11-27 16:34:39-07:00,3,0,좋긴한데...,"무료사용자인데 먹는것 칼로리 계산해주고 좋긴한데
2주 정도 쓰니 버그인지 에러 인지 전체 칼로리 안보여주고 있음 지워다 새로 설치해도 똑같음"
몽블리78,2020-11-27 09:33:00-07:00,5,0,취소해주세요 앱만깔았는데 5천원 결제되었어요 취소해주세요,앱만깔았는데 5000원이 결제 되었어요 취소해주세요
binbin_828,2020-11-25 04:55:35-07:00,3,0,아이폰이라고 알아서 구독 취소하라고 하는데,"인터페이스가 은근 불편함 다른 어플 참고하는게 좋을듯. 직관적으로 보기는 편하지만 홈페이지 연결도 없고 앱 자체에서 문의하는 것도 아님. 게다가 운동한거 잘못입력하면 다시 들어가서 스크롤 내려서 입력해야함.
고객센터 번호도 보이지도 않고, 구독취소 하려면 요즘같은 5G 시대에 구독취소 연계도 안만들어주고 사용자가 직접 구독 취소를 해야 한다는 아이러니함.
아이폰이라고 알아서 구독 취소하라고 하는데 구독 취소가 안됨 체크카드에 돈 없어서 다행이지 있었으면 바로 또 구독 할 뻔 함.
알려주는대로 환경설정>사용자이름>구독 눌러도 눔은 안뜸.(이건 나만 그러는지 모르겠음)
운동 영상도 유튜브랑 연계가 안되는 단독 영상이라서 불편함. 자세 알려줄때도 어디 근육을 사용하라는 코칭도 없고 그냥 자세만 알려주고 끝. 홈트 처음 하는 사람들은 부상 입기 딱 좋음.
그래도 그룹코칭이랑 음식 먹은거 기록하는건 좋음
구독취소 어케해요 알려줘요"
good job kim,2020-11-24 23:34:02-07:00,1,0,절대구독하지마셈! 취소절차 어이없네요,"아니. .구독취소했는데 왜 또 정기결재가되요?
무슨 환불기준도 요청일 기준이라고하고
분명히 취소했는데도 결재되서 다시 요청을 또 한거잖아요.
이거 진짜 소비자보호원 신고감이네요.
저말고도 여러사람들이 얘길했음 개선을 해야죠. 
돈만 비싸고 코칭은 무슨. . 도움도 안되고
요요만 옵니다.
완전 비추입니다"
bbrbbr0414,2020-11-24 01:16:10-07:00,4,0,코치님이 정말 좋아요,혼자면 못했을 다이어트 코치님과 함께해서 즐거운 여정이었습니다! 근데 시스템 에러가 좀 있어서 별하나 빼요
랑누나,2020-11-24 00:30:36-07:00,5,0,16주동안 매일을 식단기록작성 ㅎ,"눔코치를 통해 다양한 정보의 아티클을 읽으며 심리적으로 흔들릴때마다 나를 다잡을 수 있었어요. 
그리고 매일 식단 기록을 하면서 스스로 그날 먹은 음식에대해 생각해보고 때로는 과식하던 날도 반성할수 있는 계기가 되었네용 ㅎ
함께 해주시는 코치님을 통해 동기부여도 받고 언제든 질문할수 있는 든든한 지원자의 역할을 해주셔서 좋았어요 ㅎ"
heekc,2020-11-24 00:17:34-07:00,4,0,저비용으로 편하게 다이어트,"머니백으로 비용도 많이 안 들고
머 대단한 걸 하거나 안 하지 않았는데 7-8 키로 감량했습니다. 
감량 뿐 아니라 다이어트로 인한 스트레스가 줄고 마음가짐이 편해졌습니다. 
다이어트 뿐 아니라 인생관이 달라진 느낌입니다. 조급함이 없어지고. 성공에 대한 믿음이 생긴 느낌이랄까..
딱 한가지.. 개인 코치라고 가끔 말고는 사람(? 혹은 AI?)이 있는데. 크게 도움 안되고 짜증을 불러일으키지만.. 그것만 신경 안쓰면 도움이 되는 것 같습니다."
katieismoon,2020-11-23 22:32:50-07:00,1,0,ㅈ같은 어플,쓰지마세요 먼 체험판 ㅇㅈㄹ해놓고 삼만오천원 자동결제되놓고 뭔 로봇같은 멘트 몇개 보내놓고 참나 웃겨죽겄네 ㅋㅋㅋㅋ 환불해줄라나 모르겠네 그지근성 새끼들
hyejungjang,2020-11-22 16:37:28-07:00,4,0,앱 실행안됨,두달동안 만족하며 잘 사용중이었는데 어제 오전부터 이틀째 어플실행이 안됩니다 ㅠ 폰을 껐다켜봐도 안되고요 삭제 후 재설치 해야되나요..? 기록들 다 사라져서 삭제하고싶지 않은데 ㅠㅠ..
水の おまじない,2020-11-21 22:02:18-07:00,1,0,다른 다이어트 앱 이용하세요,"일단, 무료로 이용해보고 유료로도 이용해봤는데 유료 시작하는 건 쉬우나 취소하는 건 절차가 인터넷에 검색해서 알음알음 찾아가야합니다.
 고객센터에 결제취소 문의를 넣어도 답이 바로 오지 않았고 그 부분에 대해서 배정된 코치님께 항의했더니 그제서야 전달받아 결제취소 조치하더군요.
 무료로 이용은 다른 어플이 훨씬 도움이 됩니다. 눔코치는 식단이 그냥 칼로리와 색깔로만 계산해서 내가 어느정도의 탄수, 단백질, 지방,  나트륨, 당 등을 섭취했는 지 확인이 안 되기 때문에 인바디결과를 통해서 식단 조절하시면서 다이어트 하실 분들은 ‘다이어트 프렌즈’ 같은 앱으로 하시는 게 훨씬 도움됩니다. 저는 눔코치에서 프렌즈 앱으로 갈아탔습니다."
비비부부바바,2020-11-21 08:30:20-07:00,3,0,식단등록후 권장칼로리가 안나와요,"오랜만에 사용하려니 뭐 이상한거 등록하라고 해서 
대략 적고 스킵하고 예정처럼 식단등록 운동량 목표체중 다이어트강도 등등 설정했는데 
매일 식단 위에 뜨던 권장 칼로리가 계속 0이에요
식단 기록하면 00칼로리 남음. 이렇게 뜨잖아요
이게 안뜨는데  왜 이런건가요?
유료결제를 안해서인가요? ㅠ"
꽃을취하다,2020-11-20 17:46:49-07:00,1,0,어이없음,"자동결제전 구독취소를 했는데 왜 결제하는거죠?
환불 빨리 부탁드려요
코치배정이나 그룹배정도 안받았는데 
어쩌라는건지"
goooo~~~d,2020-11-17 21:35:59-07:00,5,0,습관 형성에 도움을 줍니다.,"극적인 빠른 속도의 감량보다는 내몸을 길들이는 습관 형성에 도움을 줍니다. 
꾸준해 아티클과 코치님의 조언을 따라하다보면 내 몸에 맞는 수준의 운동습관과 식습관을 만들어 갈 수 있습니다. 
스스로 건강을 관리할 수 있도록 도움을 줍니다."
드림라이언,2020-11-17 21:26:34-07:00,1,0,탈퇴하게 좀 하게 해주세요.,"체험프로그램 해봤고, 탈퇴하겠다고 요청드렸으면 
답변이든 연락이든 좀 부탁드립니다.
구독창에 등록되있지않아요."
ㅓ우너,2020-11-17 07:56:15-07:00,2,0,예전엔 이러지 않았는데,"예전에 눔 어플로 얼마만큼 먹었고 다이어트 성공 기간을 예상하는 것이 편리해서 이번에도 사용을 해보려고 했는데 못본 사이에 많이 달라졌군요?
 어떻게 랜선PT를 받는게 필수 요소가 되었죠? 단순 칼로리만 알아보려 했는데 많이 바뀌었네요? 저는 코치를 받을 생각을 안하고 이 어플을 깔았는데... 이런식으로 바뀌었을줄는 몰랐네요."
79hoya,2020-11-17 01:35:04-07:00,5,0,로그인 문제,"무료체험을 신청했는데
로그인이 잘 안되네요

분명 이메일로 가입을했는데
페이스북을 통해 가입이 됐다고 떠요
저 페이스북 안하거든요ㅜ

빨리 로그인해서 사용해보고싶은데
이메일문의 페이지도 오류나네요
어떻게 해결해야 되는건지 답변 부탁드려요"
한강오리보트,2020-11-17 01:10:44-07:00,5,0,많은 도움이 되었습니다,"혼자서 하면 잘 못할 식단 정리하기, 매일 운동하기 등을 코치님과 다른 회원들과 함께 하니 훨씬 수월하게 할 수 있었습니다. 평소 식습관 중 어떤 부분의 개선이 필요한지 알 수 있는것도 너무 좋았습니다."
Aingei,2020-11-17 00:47:50-07:00,5,0,생각보다 동기부여가 잘됩니다,"눔은 원래 알고있었지만, 꾸준하게 사용할 수있을까 걱정은 됐었어요~ 생각보다 동기부여가 잘됩니다~
(장점) 미션이 생각보다 어렵지 않기 때문에 꾸준히만 하면 감량 효과가 있다. 음식을 초록색 노란색 빨간색으로 분류를 하기때문에 직관적이고, 식습관개선애 큰 도움이 된다. 
(단점) 한국정서에 딱 적합하지는 않은 느낌의 아티클들이 많습니다~ 한국식 정보였으면 좀더 좋겠어요."
아침을 주님께 드리는이,2020-11-17 00:04:18-07:00,4,0,몰라서 못하는 건 아니지만 ..,"꾸준히 하는게 중요한데 그런 습관을 잡아줍니다. 
사실 필라테스나 pT를 했긴 해도 식습관이나 운동 모두를 잡기는 어려웠는데 꾸준히 할수 있게 도움을 줘서 14주에 7kg정도 감량이 됬습니다. 
ㅎ 페이백과정이라 더 열심히 동기부여도 됩니다"
해지해지요,2020-11-16 22:08:10-07:00,1,0,해지방법 알려주세요,"정기결제 전입니다 어플에서 해지하려니
애플 어디로 가서 하라는데 이게 무슨 말인가요"
효은쓰,2020-11-15 18:54:57-07:00,1,0,비추,광고 겁나뜨길래 이건 다르겠지하고 결제했는데 결론은 돈만 날린거 같네요ㅋ 8일째인데 코치와의 대화도 도움도 안되고 환불해달라니까 7일이내까지만 된다네요ㅋ도움이 안되는거 같아서 한달을 포기하고 5개월치라도 환불해달리니까 단순변심이라고 안된다네요 도움이안되는거 같은데 내가 왜 5개월치를 환불을 못받냐구요 ㅋ 하나 도움되는거 있다면 칼로리 계산해주는거?그거 말고 코치도 답장 겁나 느리고 기계적으로 해서 도움안되고 운동영상도 사파리로 들어가서 봐야되는거라 겁나 귀찮음
제과제과,2020-11-15 10:19:34-07:00,5,0,왠 자동결제? 완전 최악.,"3월달에 삼성헬스에 광고 뜨길래 다이어트나 해볼까 하고 다운 받아 이용하다가 머니백에 실패하고 어플 삭제 후 잊고 있었어요. 그런데 오늘 새벽 2시에 결제 문자가 와서 잠결에 확인했더니 124,000원이 눔코리아로 결제되었네요. 놀래서 혹시나 하는 마음으로 7월달 카드결제 내역을 확인하니 그때도 124,000원 결재 내역이 있고요. 4개월 전이나 오늘이나 자동결제 신청한 적도 없고 어플 사용한적도 없는데 왜 돈이 지속적으로 청구되는거죠? 생돈 248,000원 돌려받아야 하는데 아침 되자마자 고객센터에 전화해 볼건데 넘 열받아서 잠이 안오네요."
노래듣는민지,2020-11-12 19:40:28-07:00,1,0,환불해주세요,아니 7일 무료 이용 후 자동결제 도대체 뭡니까? 결제한 적도 없도 사용할 생각도 없었는데 .. 환불 받고 싶은데 어떻게 하면 되나요?
눔열받아,2020-11-12 09:36:13-07:00,1,0,최악,"3개월 결제하고 시작하였는데. 갑자기 네트워크가 안좋다고 연결이 안되어 1주 이전에 좌절하여 
그래도 열심히 해보려하였으나. 잦은 접속불량 
이전에 무료였을때가 도리어 더 접속이 되었던듯. 
환급안되게 하려는지 의심이 가지만 그러려니 하고 돈버렸다 생각하고 잊고있었는데. 3개월 뒤 자동 추가 결제한다고 문자.  대체 해준게 뭐냐.  내용도 뻔한 내용 여기저기 끌어모은것뿐."
바비처,2020-11-10 07:49:51-07:00,5,0,다이어트 성공했어요,"원래 47~8 왔다갔다 하는 몸무게 였었는데
살이 조금 붙어서 50을 넘어가고 51-2를 유지하면서 살이 쪘다는 이야기를 듣기 시작했습니다
금방 빼겠거니 했었지만
근손실도 원치않고 체지방만 빼고 싶은데
뚱뚱한 체형이 아니다보니 그게 쉽지 않았어요
눔을 만나고 건강하고 차분하게 유지할 수 있는 습관을 장착하고 다시 47-8대로 돌아왔답니다
꾸준히 눔과 함께 하시면 분명 성공할 수 있을 거에요"
이셈2,2020-11-10 00:03:22-07:00,5,0,차근차근히 하지만 확실하게,"신기하게도 몸무게 자체에 대한 욕심은 사라지고 건강한 습관으로 오래 살고싶다는 생각이 들게 만들어줘요. 

운동을 해야하는 압박감, 식단을 조절해야한다는 피곤함 등에서 벗어나서 오롯이 내가 어떤 음식을 먹고 어떤 습관을 가질지 스스로에대한 기대감을 갖게 해줍니다 :) 

2개월 했는데 또 연장하려구요^^"
sjjjsjjj,2020-11-10 00:03:09-07:00,5,0,너무좋아요!,평소에먹는 음식중에 뭐가 나쁘고 좋은지 한눈에볼수있어서 좋았던거같아요~ 개인코치님들께 피드백받고 도움받을수있어서좋은거같아요
이게모야모야,2020-11-09 05:09:42-07:00,1,0,별로..,"도움 안됨
3개월 13만원 결제한거 너무 돈 아깝고 
코치라고 배정되봤자 별로 신경써쥬는거 없음
... ㅠㅠ 너무 돈 아까움 비싼느낌 
진짜 짜증남"
hyrwon0212,2020-11-09 02:06:01-07:00,1,0,뭐이런 개같은경우가 있죠?,"구독을 하지도 않았는데
왜 99.000원이 갑자기 결제가 됐죠?
결제하겠단 소리도 안했고
코치 어쩌고 하길래 전화도 안받았는데
뭐지 이 거지같은 상황?"
눔환불,2020-11-09 01:31:20-07:00,1,0,환불 어디서 하죠,"일주일 1000원 이용중인데요
자동결제연장 안하고 싶어요
어디서 할 수 있나요?
너어무 답답하네요"
환불하기어렵네,2020-11-08 12:47:25-07:00,1,0,인스타를 통한 결제 후 취소,"인스타그램을 통한 결제 후 프로그램 로그인오류로 전혀 사용하지 뭇하였으나 정기결제가 되었습니다. 앱스토어에서 구독한다고 떠서 직접하라고 답이 왔는데 애플측에서는 타 사 플랫폼을 이용하여 앱개발자에게 문의하라고 합니다. 
환불 및 취소 원합니다."
ujjojjo845,2020-11-05 16:43:48-07:00,1,0,자동결제 취소해주세요,결제 취소했었는데 오늘 자동 결제 됐다고 문자 왔네요 취소방법도 안뜨고....취소해주세요
농협싸라해 나뽑으면 후회안할걸?,2020-11-03 07:11:59-07:00,1,0,구매취소부탁,구매취소부탁드립니다
너의파편,2020-11-02 04:38:22-07:00,1,0,머니백 프로그램 확인이 쓰레기임,"머니백 프로그램 하는데 1주차부터 이유를 안알려주고 실패라고 해서 재확인 요청했더니 성공이라고 하고, 2주차는 식사 시간내 미제출로 실패라는데.. 난 일요일 23시 30분 전에 제출했고, 카톡온거 보면 23:59:59까지 제출하면 성공이라 되있고..
머니백 해주기 싫으면 그냥 관리 프로그램만 짜주던가."
fjwikqbw,2020-11-02 03:05:01-07:00,1,0,결재 취소요청,"무료 체험기간이라고 사용하고 있었는데
갑자기 예고없이 십 얼마가 결재되어 놀랐습니다. 
애플에서 취소요청을 하려고 봐도 구매내역이 없고
액수도 큰데 어떻게 되는건지 무섭네요.."
godnjs22,2020-10-30 07:30:55-07:00,3,0,취소 어떻게하나요?,구독 취소하려고 하는데 어떻게 해야할까요?
Passions1000,2020-10-29 22:54:15-07:00,1,0,환불해주세요,3일 이용하고 구독취소 했는데 왜 결제가 되나요? 환불해주세요.
Aklokkkbw,2020-10-29 18:29:44-07:00,1,0,별점 한개도 아까움,"SNS로 무료 체험만 크게 과장 광고하고
7일 지나니 179,000원이 결제됨
실제로 어플 효과도 없음 코치 근무시간은 9-6시인데 직장인들이 실제로 대화하려면 근무시간에 딴짓해야해는 상황. 결국은 코치는 하루 한번 정도 대화창 날리고, 그것도 의미없는 말들. 식사 적고 돈 18만원 가져가는거임. 환불해달라니 잔여기간에 또 10%를 때감. 헬스장 사기보다 더 악랄하고 잔인함. 6-7만원을 뜯겼는데 너무너무 열받음. 절대 하지마세여"
aaalsdkc,2020-10-28 10:13:29-07:00,1,0,;;,"회원  탈퇴하고 싶은데 어떻게 해야되죠?
결제 안하면 들어가지도 못하네여...;;"
돼지혜오,2020-10-27 01:03:34-07:00,4,0,추천합니다,우선 저는 환급프로그램을 14주간 진행했고 전체적으로 만족합니다! 습관을 통해 다이어트를 할 수 있다는게 넘 신기하면서도 스트레스가 많지 않아서 꾸준히 지속될 수 있는것 같아요. 코치님도 제가 계속 포기하지 않게 동기부여 해주십니다! 여러모로 만족해요
아메11982,2020-10-26 04:59:35-07:00,3,0,좋긴한데,무료로 써도 권장 칼로리 나왔는데 어느 순간 안나오고 오류도 많아진거 같아요
노쟈미,2020-10-20 03:44:03-07:00,4,0,눔과 4달을 함께하고 6키로 감량했습니다,매일을 기록하고 체중을 재니 경각심을 가지고 다이어트에 충실할수 있었습니다^^*
나 지아,2020-10-20 03:13:13-07:00,4,0,습관을 관리하기,"눔을 이용하면서 체중감량 뿐아니라 지속적인 좋은 습관 가지고 싶었어요~^^
코치님께서 물어보는 내용들 고민하다보니 제스스로 먹는것, 운동하는것 돌아보게되었습니다
두달동안 사용하면서 식단 적는 습관과 더불어 체중계도 하나 장만하게 되었습니다
앞으로도 관리가 느슨해진다 느끼는 경우 다시 눔의 문을 두드리겠습니다 좋은 아티클도 자극제가 되었습니다 감사드려요~^^"
swim9194,2020-10-20 01:18:11-07:00,5,0,눔으로 13키로 감량,6개월 프로그램 등록 후 매일 식단기록과 체중기록을 통해서 13키로 감량에 성공했습니다. 추천드려요!
부운곰돌,2020-10-20 01:08:58-07:00,4,0,좋아요,혼자서 의지박약인 분들이 이용하면 정말 좋은 어플이라고 생각해요 다이어트상식의 폭도 넓어지고 건강한 다이어트를 알려주는 좋은 어플입니다
yjk3353,2020-10-20 01:02:42-07:00,5,0,건강한 습관이 생겼어요,"사실 처음에는 이런거 입력한다고 뭐가 달라지겠어? 싶은 마음으로 시작했었는데... 눔이랑 함께한 지난 16주?17주동안 식습관을 변화 뿐만 아니라 평소 생활습관에도 변화가 생겼어요. 하루 한끼는 건강한 식단으로 꼭 채우게 되었고, 엘리베이터 대신 계단을, 퇴근길에 한두정거장 정도는 걷기를 실천하는 등 여러모로 도움이 많이 되었습니다ㅎㅎ 다음에 여유가 생길때 다시 신청하러올게요!"
160cm212,2020-10-20 01:02:08-07:00,5,0,즐거운 여정,"다이어트를 시작하면서, 누군가의 압박 없이 좌절없이 즐겁게 8주를 마감하였습니다! 새로운 다이어트 방안으로 꼭 도전해보세요~"
Shejeowlsms s,2020-10-20 01:01:56-07:00,4,0,습관개선에 좋은앱,"몸무게를 뺀다는 강박을 없애고 달거나 짠 음식을 줄이고 건강한 습관을 유지하는데 좋은 앱입니다!
4개월 쓰고 건강한 습관이 생겼어 좋았어요"
ffanyyy,2020-10-16 01:37:41-07:00,4,0,애플워치용으로도 만들어주세용 ~~~❤️❤️,애플워치용으로도 만들어주세용 ~~~❤️❤️
뽀글머리아기양,2020-10-13 02:26:08-07:00,5,0,매일 코치해주셔서 관리하기 편합니다,식단 운동 등 관리해주셔서 편합니다 궁금한거 물어보면 친절하게 답변해주고 좋습니다
kotreciewsdjl,2020-10-13 01:56:21-07:00,5,0,Good,Good
내사랑쪼생이,2020-10-13 01:50:32-07:00,5,0,눔 이용후기,눔 만나기이전에 진짜 통통한 몸매를 가지고있었는데 그래도 4키로 감량햇어요. 중간에 제 의지가 부족해서 현타왔는데 이거라도 안하면 더 살찔거같아서 머니백 4개월 다시 등록 했습니다 :) 이번에는 진짜 의지 저 가져가지구 목표체중 만들거에요. 눔은 사람 습관을 바뀌게 하는데 정말 제격이에요
뀨링,2020-10-13 01:13:59-07:00,5,0,좋은 습관 들이기가 다이어트의 시작,"그럴때 있잖아요 막상 내가 생각했던것과 눈으로 보여지는게 다를때. 눔을 시작하고 보니 내 식습관에 대한 것이 눈으로 보여졌어요 이렇게 내가 필요한 칼로리보다 많이 먹고, 또 지방과 탄수화물이 가득한 ‘빨간음식’을 많이 먹는지 몰랐었어요ㅎ 어떤날은 빨간음식만 가득먹은 날도 있더군요...그래서 무리하게 다이어트를 해야지 라는 생각보다 습관을 조금만 교정하자 라고 생각했어요 적어도 ‘ all 빨간음식’은 먹지말아보자 . 적어도 하루에 조금이라도 초록음식을 먹자. 적어도 하루에 조금이라도 걷기를 하자. 스쿼트 100개만이라도 꼬박꼬박 하자. 무게가 많이 줄진 않았어요ㅎ 두달간 2kg 도 줄진 않았지만 저는 더 이상 찌지 않는다는거 내가 이습관을 평생 유지할 수 있다는 생각에 마음이 기쁩니다 눔 추천해요~!"
dan_ni.02,2020-10-12 06:59:17-07:00,1,0,업데이트 후 무료사용 불가,"업데이트 후에 앱 무료이용을 막아두셨더라고요.
""더 좋은 서비스를 위해서"" 라는 변명같지도 않은 변명으로 그러실거면 계정 생성 전 결제 후 사용가능함을 명시해주시면 좋겠습니다. 그동안 기분 좋게 사용하다가 마지막이 불쾌하게 끝나서 아쉽네요 정말."
EH_283,2020-10-12 05:56:49-07:00,4,0,접속 오류,"첫 화면에서 로그인이 안되요..
오늘 점심 때 까지 잘 사용하고 있었는데..왜 이런가요"
알람기능,2020-10-12 03:26:25-07:00,1,0,환불요청,유료결재해서 사용하다가 별도움이 안되서 사용을 안했는데 자동연장 결재가 됐어요....결재 취소 요청했으니 환불처리해주세요
도오라아지,2020-10-07 21:37:20-07:00,5,0,"체중감량은 많이 못했지만 재구매했어요,,","2개월 머니백 프로그램에 참여하면서
체중감량은 많이 못했거든요
그런데 4개월 프로그램으로 재구매했어요
건강하고 좋은 습관을 쌓아가는 보람이 있어요"
sauge29,2020-10-07 08:04:38-07:00,5,0,혼자 하는 것보다 의지가 됩니다.,"다이어트는 식단관리가 관건인데, 식사 내용 입력을 간편하게 할 수 있고, 무조건 과자나 빵은 안되는게
아니라 하루 권장 섭취량 안에서 조절해서 먹을 수 있게 조언을 받을 수 있어서 체중 감량에 도움이 되었습니다. 
아티클이 번역투인 것과, 과거 내용을 찾아보기 힘든 것, 한번 올린 게시물은 수정이 되지 않는 아쉬움이 있지만, 머니백이 걸려있으니 느슨해진 식단관리나
의지를 다지고 계속 입력해서 스스로 올바른 식단관리와 건강한 생각을 할 수 있게 되었습니다. 
유료 회원 종료 후에도 식단 입력이 가능하다고 하니 더 좋네요. 초반에 매일 코치님과 상담할 때 쭉쭉 줄었는데, 후반엔 좀 느슨해졌지만, 전체적으로 감량도 했고, 운동 습관도 생겨서 만족합니다."
uuuj111n,2020-10-07 04:53:49-07:00,1,0,환불 문의드려요,"무료체험 3일차인데 구독 그만하고싶어요
도와주세요"
눔쿠무눔,2020-10-06 23:40:13-07:00,5,0,좋았어요!,"다이어트 뿐만 아니라 생활습관에 많은 도움이 되었어요. 눔을 하면서 좋은습관들이 많이 생겼고, 앞으로도 꾸준히 유지하고 싶어요! 두달동안 좋은추억 만들어줘서 고마웠어요 눔 ㅎㅎ"
유다정,2020-10-06 22:00:49-07:00,1,0,사용불가?,폰바꿔서 다시 깔았는디 뭐 결제해야만 사용가능하게 되네요?
구리닥,2020-10-04 21:02:24-07:00,5,0,좋아요,음식 입력할 때 칭찬도 해주고 나를 복돋아주게끔 좋은 말들을 보면 기분도 좋아지고 더 열심히 해야겠다는 생각이 들어요. 그런데 칼로리오류나 색 분류가 잘못되었다는 생각이 들 때가 많아요ㅠㅠ 햄버거나 치즈소세지도 노란색인 경우가 있고 야채과일주스도 노란색.. 정확하게 분류해주시면 더 좋을거같아요. 항상 어플 잘 쓰고 있습니다! 감사해요
솜다,2020-10-03 20:05:05-07:00,5,0,일주일 체험없이 바로 결제 되었습니다.,"구독은 취소했는데,, 환불진행은 언제되는걸까요?"
eomgimunapple,2020-10-01 09:38:58-07:00,5,0,감사합니다.,감사합니다.
qodtlsrldo,2020-09-29 01:09:31-07:00,5,0,좋아요!,"습관성형 하시고 싶다면 눔으로 시작하세요!
다이어트 어떻게 할지 몰라 고민이라면 눔코치님들이 도와주실껍니다!!"
60/,2020-09-28 08:26:41-07:00,3,0,아이폰도 운동공유기능 만들어주세요 ㅜ,운동할맛 나게요
여수자봉,2020-09-27 16:46:10-07:00,3,0,구독취소관련,구독취소 버튼이 어디있나요?
LEEahjin2008,2020-09-23 21:56:12-07:00,1,0,유료회원해지안됨,유료회원 1번 했는데 이게 해지가 안되고 계속 정기결제되서 고객센터 연락해도 연락안되고 어플내 해지신청도 회신도 없고 아무것도 안됩니다. 평생하실거 아니면 가입하지 말고 무료만 하세요
조은바다,2020-09-22 18:23:50-07:00,4,0,여러모로 장점이 많아요.,"아침에 보내주는 운동...
일대일 코칭...
기록...

다이어트를 이끌어 주는 고마운 앱이ㅇ요. 

하지만 식사 기록에 한번씩 오류가 나서 확인해 보시라고 별하나 뺍니다."
블랙기미,2020-09-22 16:35:28-07:00,1,0,먹은거 기록용으로 썼는데...,"돈을 받으시네요. 어제 밤엔 들어가져서 
먹은거 등록해놨는데. 눔코치는 칼로리 기록하고 운동은 뭘 했고 이런걸 볼 수 있어서 좋았어요. 프로그램 등록은 선택이였는데 이젠 강요가 되었네요. 안쓸께요. 그동안 감사했습니다."
sanga0618,2020-09-22 05:19:12-07:00,5,0,건강습관 들이기 좋은 앱,"혼자서 다이어트하기 싫증나고 다이어트권태기와서 눔 시작해보았어요
매일 매일 다이어트와 건강관련 아티클도 읽을만 하고 그룹코치, 개인코치가 있어서 미션도 주고 제 생활패턴 분석도 해주면서 건강한 습관 만들기에 좋아요
살은 안 빠졌지만 건강한 습관과 정신을 얻고 감니다"
신통맘,2020-09-22 01:31:30-07:00,5,0,편하고 자연스럽게 변화가 참 좋아요.,날 이해하고 내가 원하는 방식을 존중해주는 눔 다이어트 정말 좋아요. 눔 코치님을 따라하다보면 나도 모르게 아주 건강한 변화를 느낄 수 있어요. 두번째 신청하고 세번째도 함께 하려합니다. 두번째는 여건상 열심히 못해서 변화에서 그치지않고 습관이 되기위해 다시 또 도전합니다!!!
임하연,2020-09-22 01:18:11-07:00,5,0,솔직히 별 생각 없었는데..,"다른것보다 매일 식단을 적는것이 엄청 큰 도움이 되는 것 같아요. 처음엔 귀찮았지만 이젠 당연한듯 적게 되네요. 코로나로 인해 운동을 많이 하지못해 몸무게는 크게 줄지 않았지만, 내가 적은 식단을 보며 반성하고 흐뭇해 했습니다. 그러다보니 점점 음식의 양과 영양등을 생각하며 먹기 시작했고 아무생각없이 먹는 음식이 많이 줄었습니다!"
ferille,2020-09-21 04:49:33-07:00,1,0,형편없는앱에 형편없는 서비스,"세상에, 살다가 이렇게 앱에 후기 남기기는 처음.
비번 리셋하려고 이메일을 수십번 넣었는데 메일은
단 한 통도 안오고, 효과 없어서 해지했는데 곧 정기결제 된다고 문자 한통 오는 이런 경우가...
해지 해달라고 링크로 정보 입력해서 보냈지만 도대체 믿을 수가 없고....
정말 어이가 없습니다. 이 메세지 보시는 분, 제발 연락 좀 하십시오."
Sohwa009,2020-09-17 17:54:47-07:00,5,0,"4주 완료! 앱은 최고, 개발팀은 게으른듯 ㅠ","코치 결제해서 3주간 잘 사용중입니다. ^^ 시스템도 좋고 다 좋은데... 어플 자체의 수준을 놓고 보면 .. 글쎄요. 버그가 너무 많고 (푸시버그 제발좀;) 무거워서 버벅거리고.. 새로운 음식 등록하기 눌러서 정보 다 입력했더니 양조절 불가, 검색해도 안나오고. 암튼 어플 자체의 기능부분에서는 아쉬운 점이 많아요. 레시피도 맨날 그대로고. 개발팀 제발 일좀 해주세요. ㅠㅠ 아님 인력을 늘리던가.. 이 좋은 어플좀 어케 잘 좀 해바요!!!

-> 이게 5년전 제 평가입니다. 
지금은 버그는 많이 사라진듯한데요. 아이폰은 언제까지 왕따시키실건가요 ㅠ 맨날 아이폰은 뭐 안된데... 아이폰 유저를 탓하는것도아니고 ㅠ 그룹공유도 안되고 뭐도 안되고.. 몇년째 이러는 이유는 뭔가요 ㅋㅋ 그냥 외국에서 만든거 번역했을 뿐인가요? 그건 아닌것 같은데.. 좀만 더 유저들이 형평성있게 이용할 수 있도록 해주세요!!

그리고 내면의 코끼리인지 내면의 거지인지 하나만 헤주세여... 거지는 좀 기분 나빠여 ㅋㅋㅋㅋ"
바람이불어오는곳,2020-09-16 10:18:10-07:00,1,0,환불해주세요,"메일로 계정 이메일과 연락처 보냈습니다
결제 후 일주일 안에는 환불 가능하다고 알고 있습니다
결제 전 구독취소하려고 들어가봤더니 안나와있길래 앱삭제했더니 결제가 되어버렸네요. 앱 내에서도 탈퇴 기능이 없고요. 신속한 처리 바랍니다"
아아아가가가가,2020-09-15 12:00:10-07:00,4,0,결제안하고 사용,"사용할수 없게 변화했나요? 폰바꾸면서 새로 다운했는데, 결제창만 뜨고 다른걸 눌러도 넘어가지도 않고 어떻게 사용해야 하죠?"
승수희수맘,2020-09-15 01:21:20-07:00,5,0,추천합니다,"먹은음식을 빨강 노랑 초록 색으로 구분해서 식단관리도 되고 녹색음식만 찾게되었던거같아요 
매일 몸무게를 체크하며 체중이 조금씩 줄어드는것도 확인하며 다이어트 하는것도 좋았어요"
아누구냐규,2020-09-15 01:10:11-07:00,4,0,좋지만 아쉬운점도 많은,처음에 동기부여에 많은 도움을 주지만 어쨋든 혼자서 해야하는 부분이고 쉽지않은 부분이있습니다! 하지만 피티를 하지않을이상에는 눔앱이 많은 도움을 주는것같습니다!
예고편이생명인데,2020-09-15 01:07:00-07:00,5,0,22kg감량했어요!!,"중학교때부터 통통했고 고3이후로는 엄청 쪄서 80찍고 눔 시작했어요. 식단관리하면서 걸음수 채우니 재미도있고 머니백 때문이라도 열심히 하다보니 6개월이 벌써 끝나고 체중은 22kg가 줄었네요ㅎㅎ 중간중간 정체기때도 눔 덕분에 꾸준히 노력할수 있었어요!!! 저는 이제 8kg 만 더 빼면 제가 온평생 원했던, 도달할거라고는 상상도 못했던 몸무게를 달성합니다!! 머니백 4개월 더 연장했어요!! ㅎㅎ 앞으로도 계속 연장할거같아요ㅎㅎ"
ㅁㅁㅁ맬,2020-09-15 01:06:16-07:00,5,0,2개월 머니백 챌린지 참가 후기!!,"무엇이든지 개인의 의지가 중요하죠
하지만 그 의지가 지속되기엔 스스로가 너무 힘든 것 같아요.
눔을 하면서 제가 좋았던 건
억지로(?)라도 식단과 체중을 기록하며
나를 다잡아보기도 하고
음식을 가리고 대체할 수 있게 되고
좀 더 나아진 오늘을 칭찬할 수 있게 된 것이예요.

다이어트라는 압박보다 건강한 습관을 잡는단 생각으로 해보시면 더욱 도움이 될 거예요."
연고도도도,2020-09-15 01:05:20-07:00,5,0,4개월동안 5.3kg 감량했습니다!,특별한 (고통스러운) 운동이나 절식이 아니라 바쁜 일상생활을 유지하면서 5.3kg를 감량했습니다. 계속 1kg 씩 줄어가던게 지나고 나니 이만큼이라 신기하네요. 다이어트 뿐만아니라 수면이나 야식 줄이기 등 건강한 생활습관을 잡아주려고 해주셔서 큰 도움 되었습니다. 감사합니다 ㅎㅎ
터디디디,2020-09-14 03:24:46-07:00,1,0,교정 프로그램을 경험해보라는 창 이후로 뒤로 안가져요,아이패드 에어3로 눔을 깔아봤는데요 키 몸무게 등 정보를 입력하고 프로그램 ID를 입력하라면서 그 후로 뒤로 가지지도 않고 눔을 사용하라는건지 아니면 돈내고 1:1 수업을 안하면 사용을 못한다는건지 .. 아이폰으로는 되던데 아이패드로는 왜 안되는거죠?
넬로디,2020-09-13 23:07:17-07:00,4,0,에러문의,"눔 오래사용한 사용자입니다
다름아니라
권장칼로리나오는 부분이 언제부터인가 0으로나오는데 어떻게 고치나요..."
pqwoe,2020-09-12 18:01:14-07:00,2,0,개별 피드백이 너무 약해요 -매일 해주는줄..,ㅁㅁ
bbiambbiam,2020-09-12 06:21:12-07:00,1,0,정기결제취소,정기결제취소한다고 분명 얘기했고 취소되었다는 메일도 받았는데 결제되었어요. 빨리 환불해주세요. 매우 답답하고 불편합니다.
뚜뚜9292,2020-09-12 00:07:40-07:00,5,0,오류가 많아요,안녕하세요 저는 눔을 몇년째 사용중인데요. 요즘따라 오류가 많습니다 😭.. 점심을 기입해도 안뜨는 경우가 많고요. 남은 칼로리는 아예 표시가 안돼요. 항상 1200칼로리 남음에서 멈춰있어요 😭 고쳐주세요!
wjdrbs31,2020-09-11 18:26:19-07:00,3,0,지난 식단기록은 어떻게 하나요?,안녕하세요 눔 통해서 음식섭취랑 칼로리 기록하고 있는데요 업데이트후에 지난 날짜 음식기록을 할려고 추가기록을 누르면 계속 현재 날짜가 나오는데 지난 날짜 음식 기록을 하려면 어떻게 해야 하나요?
bambi_0929,2020-09-10 22:41:03-07:00,3,0,요즘 왜 이렇게 화면 로딩이 늦을까요?,"몇년째 정말 잘 사용하고 있습니다. 
그런데 최근들어 앱에 들어가면 아무것도 뜨지 않고 날짜만 표시되는 상태가 계속되네요. 
그리고 한참 기다리면 체중입력,칼로리바 등등이
로딩됩니다. 최근 폰 초기화도 한번 해서 재설치로 해결되는 문제는 아닌 것 같고 앱 자체의 오류인 것 같아요."
Lovelyggom,2020-09-08 07:07:25-07:00,2,0,코치나 기록이 너무 기계적이예요.,"초기 사용방법을 알려주는게 섬세하지 않습니다.
식사기록도 선택의 문제이지 현실적이지 않구요.
그룹방은 동기부여가 되지 않고
방법을 알기도 힘들고
너무 많은 사람들이 있어서
반응 방법도 모르겠어요.
1:1 코치도 너무 기계적입니다."
Zhzhqkel,2020-09-08 03:06:17-07:00,5,0,"눔 머니백 종료, 목표 120% 달성!!!","정말 솔지히 쓰고 너무 감탄함...

새로운 급관을 만들어 주는 앱"
suunmmi,2020-09-08 02:07:15-07:00,1,0,오류,"2주차인데 갑자기 그룹채팅은 없어지고
개인 코치님한테도 메세지 보낼려고하면 오류라고 뜨고 이상해요"
지은s,2020-09-08 01:25:11-07:00,5,0,믿고 관리하는 눔,"남자친구가 먼저 해보고 결제해줘서 시작하게 된 눔 
눔의 가장 좋은점은 매일 식단, 체중기록하며 꾸준히 나의 식단과 체중변화를 확인할 수 있다는 점.
코치님에게 운동방법, 운동강도 등을 문의하여 올바른 운동계획을 세우고 동작 및 스트레칭 동영상도 보내주심.
눔 4개월 유료 프로그램 시작하고 5키로 가량 감량함.
혼자 다이어트하면 해이해질 가능성이 높지만 그룹원들로부터 자극도 받고 누군가와 함께 하고 있다는 느낌이 들어서 좋았음. 결론은 의지박약한 분들에게 추천👍🏼"
빵토,2020-09-08 01:07:53-07:00,5,0,완주했습니다,"의식적으로 먹는 것, 움직이는 것에 신경쓰며
2키로 감량에 성공했습니다"
눔 짱,2020-09-08 01:07:36-07:00,5,0,눔 앱 추천합니당,결혼전이라 바짝 다이어트 하려고 추천 받아서 시작했어요 ㅎ 직장인이라 식단 조절을 잘 하지 못하는 경우라도 식이조절 하는 방법 등을 코칭해줘서 좋았어요. 그리고 식단 입력하는거 구체적이고 매일 몸무게 측정 할 수 있는것도 만족스러웠어요
suevely__,2020-09-08 01:05:36-07:00,4,0,무료버전 보단 유료버전,"무료로 이용했을땐 그냥 식단이나 운동 부분만 기록할수 있어서 사실 크게 도움이 되지 않았지만 유료버전은 역시 관리해주니 다이어트에 도움이 되네요
약간 정체기로 혼자 1년을 보내다가 눔 덕분에 다시 조금 더 건강하게 뺄수 있었어요
물론 처음 목표치엔 도달하지 못했지만 도움은 되었네요"
환불요청ㅃㅈ,2020-09-08 01:03:21-07:00,5,0,4개월 두번째 등록입니다.,"연초에 알게되어 시작했습니다. 정서적인 다이어트를 도와준다고 해야하나ㅎㅎ 움직이게 하는 의지를 많이 일깨워주는 것 같아요 
주변에 많이 추천했는데 다들 건강한 삶 얻으세요!!"
래름잉,2020-09-07 17:53:00-07:00,3,0,잘 사용하고있었는데,식사기록누르고나면 뭔가 멘트같은게 떳었는데 아무것도 안뜨고 빈 하얀화면만 나오고 에러난것처럼 글자도 영어섞여서 나와요
듬푸,2020-09-07 05:48:09-07:00,1,0,환불,이거 사용안해서 환불 신청했는데 안해주시나요 이번달 사용도 안했습니다
catis야옹,2020-09-06 05:51:14-07:00,1,0,이제무료버전이 없나보네요,전에믄 칼로리 기록 할 수잇어서 무료버전을식습관 기록용으로 썼었는데 다시 깔아보니 유로 회원이 되지않고는 앱이 설문조사에서 넘어가지를 않더군요. 옛날생각해서 칼로리 계산-기록앱으로 쓰시려믄분들에게는 비추합니다.
munjaeduk,2020-09-03 18:49:55-07:00,4,0,무료기간 7일 자동갱신했습니다,"일주일 사용후 제안드립니다

1. 그룹채팅 댓글참여가 저조한것 같습니다

댓글참여 점수제도를 통해서 기념품 등을 월간포상제도 어떨까요?

2. 오늘의 할일에서 적은 텍스트를

복사해서 그룹채팅이나

1:1채팅에 복사해서 공유할수 있도록 해주세요

오늘의 할일에서 적은것을

채팅방에서 또 일일히 적으라는것은 불편합니다"
호사미,2020-09-03 16:38:49-07:00,1,0,시X욕나옴,"제발 구독취소랑 환불 좀. 고객센터 전화연결도 안되고, 환불하려니 되지도 않고. 하루종일 신경쓰이고 짜증남. 제발 연락 좀"
멍총,2020-09-02 06:00:45-07:00,1,0,업데이트 후 버그 발생,"식단 입력해도 당일 섭취한 칼로리 바가 올라가지 않거나, 전날에 입력한 다른 식단의 칼로리 합 정보가 대신 노출 됩니다. 이외에도 눔코치라는 단어가 들어가야할 부분이 _Appname_ 이라는 코드값으로 그대로 보이기도 합니다.

사용에 불편이 있으니 빨리 수정해주세요."
건강식주의자,2020-09-01 16:55:33-07:00,4,0,건강하게 먹으며 다이어트 할 사람!,"이 앱은 과학적이고 지적이다.
음식에 대한, 편견에 대한, 몸에 대한 온갖 연구결과들을 다 보여준다. 이런 글들을 읽고도 아무렇지 않게 탄산음료를 마실 수 없다. 
무엇보다 ""강요"" 가 없다. 그냥 툭툭 찌른다 
그걸 따라가다보면 내 몸은 건강해져있고
내 살은 날 떠나있을 것이다!"
AG_hj,2020-09-01 01:31:26-07:00,3,0,한 마디,눔을 추천해요.
Won HyeJeong,2020-09-01 01:09:43-07:00,3,0,리뷰,식단의 다양화 필요. 내가 새로운 메뉴 제안시 반영되는데 오래걸림. 걸음수측정 유용. 어떤 운동을 했는지 애플워치와 연동이 안되어 수기로 입력해야함.
Ryuyooon,2020-09-01 01:02:12-07:00,5,0,눔 덕분에,눔 덕분에 올바른 생활습관을 갖게 되었어요! 코치님들도 질문에 바로바로 대답해주시고 운동과 식단 두마리 토끼를 잡을 수 있었던 것 같아요~ 감사합니다!!
메스리,2020-08-31 23:15:18-07:00,1,0,구매하지 않으면,사용할 수 없는 앱인가요??
원턱,2020-08-31 22:06:45-07:00,2,0,칼로리 인디케이터 바 오류 수정해주세요,음식 선택하면 칼로리를 얼마나 섭취했는지 인디케이터 바를 통해 알려줬었는데 지금은 그냥 변화가 없네요 수정 좀 부탁드려요
supsky11,2020-08-31 00:59:22-07:00,1,0,머니백 프로그램에 속지 마세요,사실 코치도 형식적인 응원 메세지만 보낼 뿐 질문을 해도 정해진 답변 하나 보내는 식으로 무성의했고 운동 영상도 동작만 알려주는 식으로 다이어트에 전혀 도움이 되지 않았지만 머니백 프로그램에 들인 돈이 아까워서 꾸역꾸역 전부다 입력했는데 꼭 환급 주차만 되면 미션 실패했다고 돈 돌려주기 싫은 티를 내요. 지난 20주차때도 다시 문의 메일을 보내서 환급 받았는데 이번 마지막 주차때도 그러네요. 다이어트 운동 유튜버 검색하셔서 매일같이 하시는게 훨씬 더 도움이 될 것 같네요. 홈트 계획이시라면 괜히 큰 돈 들이지 마세요~
플뤼즈,2020-08-25 17:01:15-07:00,1,0,이렇게 유료화를하네,다 유형 고르면 돈내라고 하네요 ㅋㅋㅋㅋ
ㅋㅇㅋㅇㄴㄴ,2020-08-25 05:04:23-07:00,5,0,11kg 감량 성공,기본적인 습관을 바로 잡아주는 어플로 잘못된 습관 교정이 되면서 절로 살이빠진다. 어플만 다운받아서 빠지는게아니라 역시 꾸준히 어플에서 요구하는 습관을 들이면 다이어트는 정말 어렵지 않다
ddocbok2,2020-08-25 02:27:59-07:00,5,0,항상 함께 할 수 있는 다이어트 앱,"다이어트 방법은 많지만 오래 지속할 수 없고 
다이어트는 성공 후에 그만두면 또 살이 쪄서 
자괴감이 들곤 했는데 이 어플 덕분에 그만두는 것을 그만 뒀어요!! 
자주 접할 수 있는 휴대폰으로 내 생활에 맞춰 다이어트를 진행하고 그에 따른 피드백과 자극이 되는 아티클을 매일 볼 수 있어 좋았어요. 처음에 3개월만 해야지 생각하고 결제했는데 꾸준히 결제하고 있습니다! ㅎㅁㅎ"
오룻,2020-08-20 23:17:37-07:00,1,0,눔,"아주 불만족합니다
어플만 있고 코치 해 주는 건 없고 이런 줄 모랐음
돈 낭비함"
예쁜용희,2020-08-19 20:06:30-07:00,1,0,구매취소해주세요,"무료 기간 이용중에 별로여서 지우려고했더니 
돈이 나간건 아니라 취소처리가 진행이 안됐고 
다음날 결제중으로 바로 넘어갔네요
취소 메일도 보냈는데 확인하고 처리해주세요 !!"
크레용인간,2020-08-19 08:38:24-07:00,2,0,취소 요청 했는데도 결제가 됐네요.,일주일 무료 체험 후 저에게 잘 맞는 어플이 아닌 것 같아 일주일이 지나기 전에 정기결제 취소 요청을 했습니다. 취소가 되면 메일이나 문자로 연락이 온대서 기다렸는데 아무런 소식도 없었구요. 그러더니 갑자기 결제가 되었네요 환불이나 취소 시스템이 좀 더 원활하게 되었으면 좋겠습니다.
왕찌르,2020-08-19 05:45:51-07:00,5,0,눔 좋아여ㅎㅎ,건강한 다이어트로 5키로 뺐습니다ㅎㅎ 다이어트 지식도 쌓고 살도 빼고 좋아요ㅎㅎ 짱짱
엄짐닠,2020-08-19 01:17:44-07:00,4,0,의지박약 이지만 해냅니다,의지박약 작심3일 인간이라  매번 요요를 달고 살았는데 첨으로 건강한 다이어트를 하면서 몸무게는 크게 변화는 없었지만 건강은 몹시 좋아졌어요! 만성 위장염을 달고 살아서 병원비로 월급을 다 쓰겠네 하던때가 잇었는데 지금은 탄단지 비율도 맞춰거며 건강하게 먹는 방법과 마인드를 배울 수 있어서 좋은 프로그램 인 걸 같아요!! 다시 한번 더 도전하고 싶네요
👻♥️👻,2020-08-18 09:06:18-07:00,5,0,눔 코치 몇 년째 쓰고 있어요,"칼로리 기록도 좋고, 몸무게 기록하고 추이 확인하기더 좋아요. 의지를 더 북돋고 싶을 때 유료 전환하면 오는 칼럼들도 트렌디하고, 코치님도 항상 친절하게 답변 주셔수 좋습니다."
hgielanxnk,2020-08-18 03:11:31-07:00,5,0,건강한 다이어트,무리하지 않고 힘들지 않게 천천히 생활습관을 바꾸면서 감량을 도와주는 건강한 다이어트 어플~ 추천합니다!
디둥팽클럽,2020-08-18 01:10:53-07:00,5,0,하길 잘했어요,직접만나서 하는게 아니라 반신반의한 마음으로 시작했었는데 식습관이 많이 개선 되었어요
탈ㄹㄹㄹㄹ퇴,2020-08-16 21:13:20-07:00,5,0,이거 앱설치만 무료예요 여러분~!!,"많은분들 보시라고 별다섯개^^!
앱 설치만 무료구요 앱 키면 좋아하는 운동이나 활동은? 이런거 물어보면서 설문조사 하더니 바로 세가지중에 한가지 프로그램 결제 하라면서 다른건 하나도 구경 못하고 그냥 결제 하랍니다.
별 1개 후기 보시면 무료체험 7일 후에 자동으로 결제되서 취소해달라 해도 피드백이나 답변도 재대로 안해주는 것 같던데.. 상상만해도 피곤해서 저는 그냥 안쓰렵니다^^

아 그리고 회원탈퇴는 어떻게 하는거죠.?"
jungbo06,2020-08-15 09:25:25-07:00,2,0,유료 프로그램,무료였을때 굉장히 만족스럽게 썼었습니다. 걸음수랑 칼로리만 계산하기에 딱 좋은 앱이였는데 이런식으로 계속 프로그램을 유도 하고 한달에 오만원정도를 내라하니.. 참 안타깝네요. 그냥 프로그램 참여 안하고 걸음수랑 칼로리랑 몸무게 기록 시스템만 사용할 수 있도록 해주시면 안되나요? 몇천원 정도라면 결제할 의향이 있을 정도로 깔끔하고 간편해서  좋아하던 앱이였는데 오랜만에 다시 이용하려 하니 이렇게나 바뀌어 있어서 참으로 아쉽네요. 이럴거면 그냥 유료앱으로 전환하시지..
차ㅏㅊ,2020-08-14 06:00:50-07:00,1,0,눔,돈을 안 내면 쓸수 없는건가요?
송소로송송이,2020-08-13 00:28:43-07:00,5,0,버그,"오랜만에 어플 다시 사용하려 하는데, 버그가 엄청 있네요ㅠㅠ
칼로리가 안떠요!
수고하세요^^"
Catherine.Lisa,2020-08-11 23:25:26-07:00,3,0,내가 먹은 내역을 객관적으로 보기에 가장 좋은 어플이에요,칼로리 뿐만 아니라 음식을 신호등 색깔로 표현하여 나타내어 내가 건강한 음식을 먹고 있는지 그렇지 않은지를 객관적으로 볼 수 있어서 좋습니다
ㅋㅋㅋㅋㅋㅋㅋㅋㅋㅂㅈ,2020-08-11 03:47:06-07:00,5,0,다이어트에 도움이 됩니다,"일단 결과부터 말하자면 6개월 동안 15kg 감량했습니다. 어려울건 없었어요. 하루 세끼 먹는 거랑 체중만 기록하면 되고요. 간간히 후기 쓰면서 되돌아보는 시간을 가졌어요. 다이어트 팁 중에서 식사기록 하는것에 대해 많이 들어보셨을 텐데 기록하면서 내가 뭘 먹는지 그게 어떤 음식인지에 대해 자연적으로 알아가게 됩니다. 나도 모르게 점점 좋은 음식을 먹으려고 노력하게 되고 하루 권장 칼로리 안에서 먹으려고 노력하게 돼요. 
매일 체중 재는게 스트레스일수도 있는데 그게 쌓이니까 체중변화를 한눈에 볼수 있는것도 좋아요. 
다양한 아티클도 있는데 저는 한 3개월 읽다가 귀찮아져서 잘 못읽긴 했는데 초반 아티클만으로도 엄청난 도움이 되었답니다. 
개인코치님이랑 그룹코치님도 만나게 될텐데 궁금한 점이나 원하는 운동방법에 대해서 물어보면 정말 친절하고 상세하게 조언받으실 수 있어요. 
그리고 환급금이 있으니까 더 열심히 하게 돼요. 눔 광고 보면서 망설이셨던 분들 한 번 도전해보세요!!"
조대왕,2020-08-11 03:30:29-07:00,5,0,전 정말 좋았어요.,모두에게 꼭 맞진 않겠지만 저한테는 잘 맞았어요. 뭔가를 막 너무 큰 의지로 하지 않아도 되고 누가 밀어붙이는 것도 아니고 내가 할 수 있는 부담스럽지 않은 선에서 한 걸음씩 내딛을 수 있었어요.
kicas988,2020-08-09 16:30:23-07:00,5,0,습관 개선 감사합니다,"하루에 과자 3-4봉지 씩 먹던 사람입니다.
위장도 약해서 먹고나면 맨날 배탈나고 토하고, 살찌는건 덤이고.
이러면 진짜 안되겠다 싶어서 깔았어요.

지금 유료를 사용하고 있진 않지만 꾸준히 운동한 양과 식단을 기록 중입니다.
제 식생활이 그래프로 시각적으로 보이니 더 주의하게 되고 걷는 것도 의식적으로 많이 하네요.

사용 한달째고 4키로 감량했습니다! 건강한 방법으로 해서 더욱 기쁘네요."
혜호박,2020-08-07 23:46:52-07:00,5,0,일주일 체험판 어떻게 취소하나요?,"체험판 취소하고 싶은데
어디에 연락하면 될까요?"
다이어트해야되는데...,2020-08-05 08:53:54-07:00,2,0,유료어플인가요?,유료어플인가요? 결제창으로 넘어가지네요...
minju_kim_pd,2020-08-04 02:33:19-07:00,5,0,의지를 놓치지 않게 만들어주네요.,"혼자 다이어트 처음 시작하는 분들에게 강추합니다.

식습관, 생활습관을 개선할 수 있게 해주는 앱이에요.
개인코치, 그룹코치 두분이 끊임없이
무언가를 가능하게 만들어주는 느낌이에요.

하루 운동을 안했다거나 칼로리 높은 무언가를 먹더라도 코치들이 잘못했다고 꾸짖거나 나를 탓하지 않고
그에 대한 대안을 알려주며 독려하는 그 부분이 정말 좋아요.

다이어트나 운동, 식이요법에 대해 공부할 수 있게 해줘서
생활습관, 식습관을 혼자 스스로 계획하고 실행할 수 있게 도와주는 부분도 별점5점 주고싶습니다.

무엇보다 매주 나오는 미션을 수행하면
환급금을 돌려주는 것 덕분에
더욱 힘이 나기도 해요."
밍밍뮝,2020-08-04 01:56:00-07:00,5,0,눔으로 시작하면 나중엔 혼자도 해요,"눔 시작하고 첫주만에 2키론가 3키로 감량했어요. 평소에 내가 얼마나 많이 먹었고, 얼마나 안 움직였는지 느낄 수 있었죠. 이런 깨달음을 시작으로 지금까지 9kg 감량에 성공했습니다. 더 저를 굴리고 채찍질했으먄 훨씬 더 많이 빠졌겠지만 천천히 유지하면서 빼자 하고 시작했던지라 6개월동안 9키로 감량에 성공했네요. 고민하고 계시다면 꼭 도전하세요.
저도 의지박약인데 이만큼 했어요"
애드라떼79,2020-08-04 01:35:40-07:00,5,0,습관형성 프로그램,건강한 습관형성으로 자연스레 체중관리에 도움을 주는 프로그램 이었습니다 감사합니다
노노djak,2020-08-04 01:23:19-07:00,5,0,눔 좋아요,"매일 식단 기록하고 체중 기롣하면서
경각심도 생기고 
아티클 읽는 재미도 있습니다
머니백 과제도 생각보다 쉬워서
도전해보면 좋을거 같아요!"
으아으아잉,2020-08-02 08:01:16-07:00,1,0,이거이제 무료로는 못써요?,이제 그냥 처음부터 결제페이지로 넘어가네요...
오구삼브로드웨이,2020-08-02 01:12:32-07:00,1,0,아마추어 1:1 코치입니다 ㅜ,"전문적인 서비스인척 광고를 너무 많이해서 기대하고 가입했는데
세상에나... 너무 전문적이지 않은 코치에 실망했어요
구글링하먄 다 나오는 정보들인데 일대일 코치 수준이 너무 낮습니다. 운동경험이 아예없는 생 초보를 위한 앱 같네요.

내몸에 대해 잘 모르시면서 이런저런 복사붙이기식 코치에 실망입니다"
yeeseul22,2020-08-01 22:56:00-07:00,5,0,기만인가요이건...퓨,무료체험먼저하고 그담에 결제된다더니 바로 결제가 되버리네요 무슨일인지 처리좀 결제취소좀해주세요;;
Juliarobot,2020-07-31 16:18:00-07:00,1,0,구매자 모르게 자동결제 유도하는 사기업체,"결제창에 ‘새로운 프로그램이 자동으로 시작됩니다.’라고 써있다며 자동결제에 동의했다고 하더군요. 양아치도 아니고 왜 이런식으로 돈을 벌어요? 20년 전에나 이런짓 하던데 아직도 이런 업체가 있다는게 놀랍습니다. 돈을 떳떳하게 버세요. 어플은 불편하기 짝이 없고 코치는 하루에 한두번 그것도 몇시간 지나서 대답하고. 어플과 코칭 시스템부터 개선하세요. 교묘하게 말장난으로 자동결제 유도하고, 이런 식으로 순진한 구매자들에게 얼마나 사기쳤습니까?"
refle2kr,2020-07-31 10:42:45-07:00,4,0,자기관리를 공부할 수 있어요,건강한 식단과 운동은 어떻게 하는 것인지 차근차근 배울 수 있어요 심리학적인 접근법을 사용해 다이어트 말고 다른 분야에도 적용할 수 있어요 좋은 경험이었어요
설치 안 됨,2020-07-31 02:31:19-07:00,1,0,어플 설치,어플 설치가 안 됩니다
가빵0,2020-07-31 02:28:59-07:00,2,0,가입이 안돼요ㅜ,"진짜 너무너무 해보고 싶은 앱인데 가입이 안돼네요 몇번째 시도중인데도 페이스북,애플,이메일 셋다 안돼요."
세크크크,2020-07-31 00:25:20-07:00,1,0,로그인이안되요,페북으로 가입했는데 프로그램아이디가 존재하지않는다구 하고 이메일로가입하려했는데 이미 있는 이메일이라구하고 그래서 이메일문의하려했는데 에러페이지만 뜨네요 어떻게 해야하나요
난ㅎㅎ,2020-07-30 23:54:05-07:00,1,0,해지처리해 달라는데 답변 없고 애플에 책임전가,"고객센터도 따로 없고, 문의사항 남기면 이메일로 피드백 준대서 기다려도 답변이 없습니다.
 무료체험한 뒤 난 필요없으니 회원 탈퇴 처리 해 달라 문의 남겨도 묵묵부답. 그 뒤 자동결제 시작. 난 자동결제 동의한 적 없는데 왜 계속 자동결제 되고 있냐 달라고 해도 묵묵부답.
 결국 소비자원에 문의하니 이제는 애플 통해서 하라고 책임전가하네요. 애플이 해 줄 수 있는 기한은 훨씬 지나있구요.
 소비자원 통해서 계속 항의하니까 이제는 뭐라고 말하는 줄 아세요.
 첫번째 문의”에는” 이메일 보냈다고 하네요. 이제와서? 하지만 제 이메일함에는 그런 메일 도착한 적 없고요. 두 번째 문의에도 역시 답변 온 적 없습니다. 두번째 문의에는 왜 답변 안 하고 무시하신 걸까요? 달달이 55,000원 자동결제 되고 있고 저는 취소 원하는 상황에서??
 이쯤되니 첫번째 문의에 답했다는 것도 거짓말로밖에 안 보입니다. 스팸함에도 도착한 메일이 아무것도 없어요. 
 애플아이디로 구독취소가 되는 줄 몰랐던 제가 멍청이기도 하지만 업체 일처리가 너무 심각하게 엉망이네요. 고객 문의 계속 씹으면서 자동결제 유지하는 상황으로밖에 안 보여요."
선비누나,2020-07-28 01:28:19-07:00,5,0,진짜 빠지더라구요,"길다며 길고 짧다면 짧은 4개월의 다이어트 기간이 끝나고 저는 12kg의 감량으로 머니백 프로그램을 완수했습니다! 광고에서 하는말 믿지않고 그냥 계기가 필요해서 시작하게 된 어플인데, 예상치못한 결과 얻게되서 너무 기쁘네요! 하지만 감량보다도 더 기쁜건 저의 마인드가 바꼈다는 겁니다. 옛날같으면 음식와 운동에 대한 강박으로 잘못된 생각을 하고 쉽게 지치기 마련이었는데, 눔을 하고 나선 좀더 건강해진 마인드를 갖게 된거같아요. 오랜시간 다이어트를 하신분! 너무나 많은 지식으로 준전문가가 되버린 다이어터분들에게 꼭 추천드리고싶습니다! 저도 새롭게 연장하고 다시시작하려구요!"
Bellinacha,2020-07-28 01:08:39-07:00,5,0,추천합니다.,"살이 많이 쪄서 건강하게 습관을 바꿔보자는 마음으로 시작했습니다. 식사와 체중을 매일매일 기록했는데, 정말 많이 조절하지 않았음에도 4kg 감량에 성공했습니다. 극단적인 방법으로 한게 아니라 요요도 없는 거 같습니다. 눔 앱으로 일상을 기록하고 코치님과 대화하는 것이 큰 도움이 되었습니다. 추천합니다:)"
mart100000000,2020-07-28 01:06:12-07:00,5,0,강추에요!,큰 기대없이 결제했는데 체중 감량도 성공했지만 식생활과 운동 습관이 180도 달라진 것이 가장 큰 성과입니다. 인생의 큰 전환점이 되어주셔서 감사합니다.
싸잉키,2020-07-27 20:43:13-07:00,1,0,업데이트 한다음부터 계속 에러가 나요,상단 남은 칼로리와 합계 칼로리가 안 보여요
nejekjfkr,2020-07-27 20:01:07-07:00,5,0,언어 설정,예전에 도움을 많이 받았어요! 다시 돌아오게 되었습니다..ㅎ 혹시 언어는 설정을 어떻게 바꿀 수 있을까요? 꼭 언어를 바꾸고 싶은데요ㅠ
호123감가는앱,2020-07-26 20:46:11-07:00,1,0,ㅂㅂ,"어느순간부터 기능 다막아놓고 결제유도화면만 띄움
이런식으로 결제유도하니 호123감 존나게 오름
덕분에 더 좋은 앱 발견해서 갈아탐
아휴 시원해 이게 리뷰지 ㅋㅋㅋㅋ"
마노도로,2020-07-24 17:41:25-07:00,1,0,삭제함,자꾸 돈쓰라고 프로그램 강요함
기민누,2020-07-24 08:53:03-07:00,1,1,무료버전은 이젠 제공 안하나보네요,권장칼로리 표시 안되서 오류인줄 알고 지웠다 다시 깔았더니 결재하지 않으면 사용을 못하게 해놨네요...
hyeon_choi,2020-07-22 19:12:13-07:00,1,0,다이어트는 본인 의지,결국 본인 의지예요 의지박약이신 분들은 돈 버리지 말고 다른데 투자하세요 1:1 코치도 별로 나한테 신경 안 씁니다. 답장도 느리고요. 어플 이용하는 것도 편하지 않아서.. 별로예요 돈 버려요
별 *,2020-07-22 18:25:02-07:00,5,0,정말 좋아요,눔 덕분에 19.6키로 감량하고 정말 인생이 바뀌었어요 항상 고맙습니다 눔!!
아우너나,2020-07-22 02:17:39-07:00,5,0,조금의 의지만 있다면,"누구나 성공할것 같아요!!
눔 캐시백 여정 6개월동안했는데 진짜 미션만 성공하면 환급도 다 해주교
오랫동안 접속안하면 채팅으로 관리해주시고
중간에 성실히 못했다가 다시 시작했는데 컨디션 조절에 관해서 꼼꼼히 답변해주고 좋았어요"
블루파이,2020-07-21 08:37:12-07:00,5,0,스스로의 약속! 그리고 착실한 내 편!,"체중 감량의 출발이 뭐든 의지만 갖고 되진 않죠.
늘 든든하고 착실한 동반자인 눔!
시작하고 6kg 감량! 당초 목표는 10kg이었지만
조바심 나지 않아요. 앞으로 더 하면 되죠!"
다운버튼,2020-07-21 06:46:21-07:00,3,0,잘쓰고 있었는데 이번 업데이트 이루 버벅대고 맨위 칼로리바가 작동하지 않습니다.,"업데이트를 한 후 문제가 생겼고 사라지지 않네요. 
잘쓰고 있었는데 얼른 수정되기를 바랍니다."
송채니,2020-07-21 04:16:03-07:00,4,0,잘 쓰고 있었는데,갑자기 들어가니까 유료결제하라고 나오네요 꼭 결제를 해야만 쓸 수 있는건ㅇ가요??
Arnutpie,2020-07-21 01:06:26-07:00,4,0,습관이 바뀝니다,처음엔 단순 체중 감량이 목표였는데 한달이 지나고 두달차에 접어들면서 점점 클린한 식단과 싱거운 간에 초점을 맞춘 식습관이 생긴걸 깨닫게 됐어요. 느리지만 자연스럽게 체중도 두달간 5키로가 줄었습니다. 모두들 경험하고 좋은 식습관을 가지게 되면 좋겠습니다!
빠른시간내로,2020-07-20 20:06:46-07:00,1,1,이거 유료인가요,무슨 교정프로그램 자꾸 등록하라는것만 나와서 이용을 못합니다. 원래 유료앱인가요?
BbaJja,2020-07-20 03:59:24-07:00,1,0,No refund,"If you subscribe it, it would not tell you when you will pay and after paying you could not refund it. Ut’s their policy. Worst program ever."
인어별,2020-07-19 02:55:17-07:00,5,0,습관 개선에 도움이 됩니다,"다이어트에 동기가 필요하여 6개월 프로그램 신청해서 진행해 보았는데요, 적절한 미션의 강도와 동기 부여로 식습관 개선에 많은 도움이 되었고 6개월 프로그램 한번 더 신청하여 일년간 잘 이용했습니다! 
건강한 다이어트를 지향하는 아티클이 많고 지속적인 다이어트를 할 수 있도록 독려해주시는 코치님 덕에 많은 도움이 되었습니다. 
식습관 개선 및 건강한 다이어트를 원하는 분들께 추천합니다~!"
BambinoKing,2020-07-15 07:05:32-07:00,1,0,낚인듯,우선 무료앱으로 이용해보려고 했더니 할 수 있는게 없고 무료체험 일주일 후엔 자동결제 된다고 해서 처음에 넣은 정보 삭제 하려는데 도통 그런 메뉴는 찾을 수도 없고 이메일 정보만 알려준 꼴. 무슨 앱이 홈화면이나 설정 뭐 이런것도 없고.
alswl1212,2020-07-14 23:49:44-07:00,5,9,아무것도 개선하지말고 이렇게 하세요. 이런 서비스는 없어져야 합니다,"자동결제 전 구독취소 시도했으나 앱내결제가 아니어서 구독취소 버튼조차 안보였고 (이것에 대한 안내도 처음에 없음)
이용한적 없으니 그래도 환불해달라하니 코치가 배정되어 로봇같은 몇 문장 적어보냈다고 서비스 이용한거라 안된다네요? 
자꾸 규정만 얘기하는데 규정엔 안맞지만 실제 사용을 안했고 예외적인 경우 해결해달라고 직접 상담원이 있고 고객센터가 있는거 아닌가요? 이용자에 대한 이해심조차 없고 영혼없는 설명만 내뱉는데 짜증납니다. 
이렇게까지 결제하게 만들어 돈 받으면 좋으신지?
피드백조차 남기기 아깝네요. 아무것도 개선하지말고 이렇게 하세요. 이런 서비스는 없어져야 합니다"
뭘까잉,2020-07-14 05:53:21-07:00,2,0,이거 유료인가요..?,유료인가요 이거..???
승듕이,2020-07-14 05:30:00-07:00,5,0,자기관리 필수 앱,저는 작년초에 4개월 환급프로그램하면서 4kg을 감량하고 그 해 요요없이 잘 유지했어요! 어떻게 건강하게 다이어트를 하고 습관을 개선해야 하는지 잘 알려주어서 요요가 안왔던것 같아요. 그러다가 앱을 지우고 취업스트레스를 먹는 걸로 풀다가 몸무게는 변화가 없었지만 몸이 불편?해지기 시작해서 눔을 했던게 기억나서 2개월 환급프로그램을 다시 했습니다. 이번에는 목무게의 큰 변화는 없었지만 식습관을 다시 되돌려 놓고 운동을 하면서 주변에서 살빠졌다는 얘기를 많이 들었어요. 몸무게의 변화가 없었는데 눈바디는 확실이 좋아졌던거죠. 정말 그저 마른 몸을 만들기 위한 다이어트가 아니라 건강하고 장기간의 좋은 자기관리 습관을 만들고 싶은 분에게 추천드려요!
iiiiiiiiiiiiillllllllll,2020-07-14 01:01:54-07:00,5,0,마음챙김 다이어트,추천해요
눠나거라아어ㅏ아더어,2020-07-13 16:06:15-07:00,1,0,.,로그인 했는데 무슨 창이 뜨면서 그게 안없어져요
cyan0726,2020-07-11 17:24:02-07:00,5,0,70일만에 11kg 를 뺐습니다,2년 째 뺀다뺀다 했던 살을 눔과 함께 이제서야 빼게 됐네요. 하고 나서부터 사람들한테 추천하는 중. 아티클도 아티클이지만 개인 코칭과 그룹코칭이 있고 저처럼 압박하는 다이어트를 원하시지 않는 분들이 하면 더더욱 좋은 어플이지 않나 싶어요
임주윤,2020-07-11 04:25:52-07:00,1,0,핸드폰 바꾸고 로그인 안됨,예전에 유료로 잘 쓰다가 무료이용중이였는데 급하게 핸드폰 바꾸고 다시 다운로드해서 로그인 하려니까 절대 안됨 인터넷 문제라는데 다른건 잘 터지네요.. 야지오로 갈아탐
찬꿀,2020-07-10 03:46:23-07:00,5,0,환불 요청,제 닉네임 박찬진이고 환불요청하려눈데 어떻게하나요
dadungi,2020-07-09 18:37:48-07:00,5,0,환불요청,예전에는 무료로 가능해서 사용하고 있었는데 폰을 바꾸고 새로 시작하려하니 구독하라해서 7일 무료 구독을했는데 결제가 되었습니다 바로 구독 취소했고 앱도 지웠습니다 환불을 요청합니다.
오류짜증,2020-07-08 02:04:06-07:00,4,0,진짜빠져요,"다이어트약,주사 다해봤지만 돈만 엄청쓰고
딱 그때뿐 바로 요요가 왔어요
인스타에서 광고보고 진짜 마지막으로 한 번 더 해보자 하는 마음으로 결제했어요
신기하게 살이 빠지고 유지도 잘 됩니다
무작정 살을 빼야한다가 아니라 건강하게 먹고 운동하는 법을 알려줘요
식생활이 완전히 바꼈어요
그리구 코치님이 항상 계셔서 함께하는 기분이라
중간중간 의지가 나약해질때쯤 도움요청하면서
열심히 하고있습니다 ㅎㅎ"
예예예은,2020-07-07 23:52:43-07:00,5,0,내 돈 돌려주세요,구독취소했는데 돈빠져나가데요?
이태형↗️,2020-07-07 23:36:48-07:00,3,0,‘생활습관 교정 프로그램을 경험해보세요’ 창이 없어지질 않습니다.,"꽤 오랫동안 이 어플을 무료로 사용하며 운동 체크, 칼로리 기록 등의 기능을 사용하고 있었는데, 갑자기 생활 습관 교정 프로그램을 경험해보세요 라고 하는 메세지와 함께 몇몇 설문조사가 진행되더니 ‘프로그램 등록하기’가 뜨고 꺼지질 않더라구요. 몇 번 재설치를 해도 똑같은 상황에 많이 당황스럽습니다. 어떻게 해야 하나요?"
졔02,2020-07-07 07:22:32-07:00,4,0,식단관리하기에 너무 좋아요^^,"2개월 머니백 프로그램에 참여했는데, 미션이 어렵지 않고 수월해요.^^ 그리고 이런 식단 관리를 처음 해봤는데, 지금 밥을 먹는 식단 자체가 달라졌어요. 너무 좋아요. 추천합니다👍🏻"
ㅇㅂㄴ,2020-07-07 01:45:28-07:00,4,0,어플은 도구일 뿐입니다.,본인이 잘 조절을 하셔야되요 저는 잘 못지켜서 많이 빠지지는 않았어요 여러분들은 잘 지키시길 바래요!
kangi mango,2020-07-07 01:26:42-07:00,3,0,감량 효과 있어요,"데이터 트래킹 하려는 의도로 가입했고 주변에도 같이 하려고 권해서 같이 시작했어요. 프로그램 자체는 나쁘지 않았고 커스터머 서비스도 빠르고 좋았습니다. 다만, money-back program이 주요한 소구 포인트인데 이 부분이 투명하게 progress sharing이 되지 않고 데이터를 요구했을때 명백하게 어떤 부분이 missing인지 설명하지 못해 아쉬웠습니다."
늙은무사,2020-07-02 04:58:32-07:00,1,1,아이폰 버그,"칼로리 바도 사라지고, 업데이트도 안되고 ㅜㅜ"
18482&',2020-07-01 19:34:03-07:00,5,0,건강한 습관이 생겼어요!,"식단을 꾸준히 기록하고, 건강한 녹색 아이들을 더 많이 챙겨먹고, 매일 제공되는 아티클을 통해서 음식에 대한 강박이나 스트레스도 같이 케어(?)되는 앱이에요! 매일 기록해서 이번에 환급도 받았어여🤟"
Dud영dud,2020-06-30 05:15:51-07:00,4,0,일단 시작하세요!,지금까지 수많은 다이어트를 했었지만 항상 2주도 못가서 포기했는데 두달째 꾸준히 도전하고있습니다! 다이어트도 다이어트지만 가장좋은건 운동하는 습관을 기를 수 있었던것같아요! 같이 눔하고 건강해져요!!!
모찌모찌81,2020-06-30 01:40:48-07:00,5,0,건강한 다이어트 최고에요,"다이어트는 닭가슴살과 채소만 먹어야 한다는
편견을 바꿀 수 있게 해주는 앱이에요.
일반 식사를 하면서도 건강한 다이어트를 
할 수 있게 해주는 프로그램입니다.
몸 뿐만 아니라 스트레스도 많이 줄어들게 해준 것 같아요"
라떼한잔1231,2020-06-30 01:11:11-07:00,5,0,인생 어플,"작은키에 비해 표준을 넘는 과체중으로 건강검진에서 대사증후군 위험군이라는 결과를 받자마자 다이어트를 결심하고 발견한 어플입니다
처음에는 호기심에 희망체중(48kg)을 입력했더니 실제 예상되는 기간을 보여주며 불가능은 없다는 의지를 심어주었고, 눔에서 매일매일 올라오는 운동과 식사기록을 따라하니 1년동안 무려 14kg을 감량했어요!! 표준체중 도달!!
이후 둘째 임신 후에도 꾸준히 눔 식사기록을 하였고 첫째 때와는 달리 임신성 당뇨 검사도 ‘정상’으로 나와서 다행이었습니다 앞으로도 출산 뒤 산후관리하면서 예전 체중 돌아오고 유지하기 위해 계속 이용할 생각이에요"
rahui06,2020-06-29 17:22:42-07:00,1,1,눔 유료화,전에는 무료여서 믿고 쓰고있었는데 1년만에 오니 유료화가 되어있네요;;
기린가제,2020-06-29 16:33:50-07:00,1,1,눔다코 4년 이용자입니다.,"안녕하세요. 눔다코를 4년째 이용 중입니다. 그 동안 유료도 해보고, 지속적으로 사용하면서 많은 도움을 받았습니다. 저번주 금요일부터 무료로 제공되건 권장 칼로리 바가 사라졌더군요. 리뷰를 보니 오류가 있는 것처럼 메일로 문의시 답을 준다고 하여, 오류겠거니 했습니다. 그런데 오늘 유료 결제를 하니 칼로리바가 뜨네요. 결국 오류가 아니라 유료화를 한거죠. 저는 유료화가 나쁘다고 생각 안 합니다. 매출 개선을 통해 눔다코가 더 발전한다면 더 좋다고 생각해요. 하지만 이용자들에게 다른 공지 없이, 리뷰통해 문의했을 때도 유료화 됐다하면 될 것을 메일로 문의달라는 건 어떤 의미로 받아들여야 할까요? 무료로 사용하던 이용자들에게 잘만 공지해 준다면 분명 유료로 전환하려는 이용자들도 많을 겁니다."
Jane Kwak,2020-06-27 22:10:15-07:00,1,0,연락좀 해주세요,환불땜에 금요일에 전화도 하고 메세지도 남겼는데 연락이 안되네요.. 자동으로 결제되게 만들고 환불처리는 왜이렇게 어렵게 만들어두셨나여.. 진심 짜증납니다.. 99달러가 적은 돈도 아니고
글라라🥰🥰,2020-06-27 01:05:43-07:00,5,0,저는 정말 추천드리고 싶어요!,"다른 다이어트 해볼만큼 해보고 아직도 더 많이 노력해야하지만,
눔은 정말 다른 것같아요.
확실히 단기간에 많이 빼는 다이어트도 많지만 
스트레스도 많은게 사실이잖아요.
그럴때는 내가 다이어트를 하는 게 아니라 다른 사람에게 내 다이어트를 맡긴 느낌이었고 잘 될땐 고맙지만 잘 안될 땐 “믿고 맡겼는데 뭐야..”하는 실망감이 있었어요.
하지만 눔은 다이어트를 하는 사람이 “나 스스로”임을 늘 깨닫게 해줘요. 식단, 스트레스 관리 등 내가 내 다이어트를 계획하고 생각하니까 오히려 더 계획적이게 되고 부지런하게 만들어주는 것같아요.
늘 여기서는 “여정”이라는 말을 쓰는데, 정말 여정을 함께 하면서 힘을 주는 것같아요. 짧은 시간이 아닌 다이어트의 어렵고 부담스러운 과정을 
눔과 한배를 탄 듯이 어려운 점을 헤쳐나간다는 느낌을 받아서 동기부여도 참 잘되는 것같아요. 
저는 생활습관과 여러가지 부분에서 차별화되었다고 생각해요👍🏻"
ArO1Cr,2020-06-25 21:07:08-07:00,5,0,체계적인 습관을 도와주는 다이어트 앱,"우리가 어딘가를 향해갈때 목적지가 있다면, 우리가 어디쯤에 와 있고 또 어디까지 가야 하는지 확인하는 것이 중요하다. 물론 이제 한걸음 왔는데 지구 반바퀴를 돌아 가야 할 정도의 원대한 계획이라면 힘들겠지만, 그 목적지의 현실적인 충고마저 심리학을 기반으로한 눔의 아티클이 나에게 도움을 준다.
솔직히 나는 눔을 몇달간 했지만 살이 빠지진 않았다. 살이 빠지기 위해선 본인 스스로가 전과 다른 삶을 살아야 한다. 적게 먹기, 운동하기 등.. 
나의 삶을 그렇게 바꾸진 못했다. 
하지만 눔을 통해 나는 한걸음 더 나아 갈 수 있었고, 습관이라는 좋은 기틀을 마련했다. 그래서 하루에 1000보마저 걷지 않았던 내가 눔의 걸음수를 현실적인 수치로 조정해 하루하루 조금 더 걷기 시작했고, 그래프로 나타나는 나의 체중 증가 수치를 보며 스스로 주3회 운동을 하기 시작했다. 
눔과의 여정은 여기까지지만, 나는 이제부터 시작이다."
yelin_,2020-06-25 17:19:14-07:00,1,0,무조건 프로그램 결제해야해요,전에는 자율적으로 본인이 하루에 먹은거 기록하기용으로 사용 가능했는데 오랜만에 다시 깔아보니까 절대적으로 프로그램을 참여(결제)해야지만 진행할 수 있게 아아 앞에서 막아놨더라구요..유료어플이라 생각하셔야할 것 같습니다
JerryKim73,2020-06-24 08:38:08-07:00,5,0,눔,"다양한, 그리고 방대한 정보와 함께, 코치의 설명 염려 걱정등 일반적으로 다이어트시에 받는 타인으로 부터의 스트레스에서 벗어나, 용기, 노력, 동기부여 등을 통해, 작은 실천으로 결과물의 얻도록 도움을 줍니다. 전문적이고, 튼실한 내용과, 동영상을 통한 운동방법등을 통해 실천 할수록 더 자신감을 갖게 합니다."
쬬880506,2020-06-24 06:16:40-07:00,4,0,잘 쓰고 있습니다,"식사기록 하루 칼로리 섭취등 잘 사용 했는데
업데이트 이후에 섭취한 음식을 입력해도
권장칼로리 부터 표기가 갑자기 안나와요
ㅜㅜ"
-.--_,2020-06-23 19:13:23-07:00,4,0,저기..,전에 쓰다가 좋은거 같아서 다이어트 시작할때 다시 깔았는데 광고가 떠서 취소 버튼도 없고 세작하지도 못하고.. 안하고 싶은데 계속 뜨고 뭘 어떻게 해야하죠?
매쑨,2020-06-23 18:55:20-07:00,1,0,프로그램이,실행이되지않습니다....하얀화면에 주황동그라미만돌뿐......
노가다ㅋㅋㅋㅋ,2020-06-23 09:38:00-07:00,5,0,눔 만족합니다!!,"드라마틱한 변화는 아니지만, 생활습관이 조금씩 달라집니다. 매일 뭘 먹는지 기록하다보니 조금씩 더 건강하고 좋은 음식을 먹으려고 노력하게 되네요!!"
카카오택시 유저,2020-06-23 01:48:20-07:00,5,0,건강한 습관 만들기에 도움이 되어요~,"운동, 식습관, 마음챙김 등 건강한 습관 만드는데 도움이 되어요^^"
요키디키,2020-06-23 01:12:48-07:00,5,0,나도 모르게 살빠지는 앱,꾸준히 식단 기록하고 몸무게 체크하는 것만으로도 살이 빠져요. 코치님도 너무 친절하셔서 지치지 않고 힘이 나는 프로그램이에요 :) 그룹원들 보면서도 동기부여가 많이 됩니다!! 최고에요👍🏻
리스키콩,2020-06-23 01:04:09-07:00,4,0,편리하고 효과있는 다이어트 습관,"식단기록. 운동. 마음가짐. 

다이어트 공식 누구나 다 아는데 그걸 습관화 하기 어려워서 매번 실패

눔 앱 쓰니까 식단기록이 우선 간편하고 

운동 시간과 걸음걸이 목표 설정하고 달성하는 과정이 부담스럽지 않습니다. 

일주일 단위로 총 운동 기록을 관리할수 있는게 젤 좋았어요. 
어제 실패해도 내일 하면 된다는 자신감이 생겨요"
